One,Two,Three,Four,Five,Six,Seven,Eight,Nine,Ten,Eleven,Twelve,Thirteen,FOurteen,Fifteen
0,35,7,3,3,3,3,1,1,3,1,1,197,3934,0
0,24,5,3,4,7,1,1,0,0,0,2,237,-1125,1
1,33,5,3,4,9,1,1,1,3,0,2,118,-2844,1
1,25,7,2,4,4,3,0,1,4,0,1,212,-1981,1
1,30,5,2,10,4,4,0,1,2,0,2,254,811,1
0,33,4,3,8,1,3,0,1,4,1,2,238,2853,0
0,31,5,3,14,9,2,1,1,1,1,1,165,582,0
1,26,5,2,11,8,2,1,1,2,0,1,109,867,1
0,31,5,1,13,9,2,1,0,3,0,1,88,-581,1
0,31,6,1,1,7,2,0,1,4,0,1,95,894,1
0,34,6,3,6,9,3,1,1,3,0,1,150,5489,1
0,29,8,3,8,8,2,1,1,5,0,1,257,205,1
0,33,5,3,5,5,4,1,1,3,0,1,205,2454,1
0,35,9,2,9,9,1,1,1,6,1,3,115,-933,0
1,29,7,1,8,3,3,1,1,4,1,2,242,3613,0
0,27,5,1,6,2,3,0,1,2,0,3,238,796,0
0,27,4,1,5,9,3,1,0,3,0,1,208,5212,1
1,26,5,1,1,4,2,0,1,3,0,1,194,75,0
0,35,6,3,8,9,3,1,1,2,0,3,177,-327,1
1,33,6,2,9,4,2,0,0,2,1,1,155,540,0
0,36,8,3,3,4,2,1,1,3,1,2,214,121,1
1,27,5,2,9,4,2,0,1,2,1,1,230,867,1
1,32,5,3,2,9,2,1,0,2,1,2,126,-1649,1
0,28,5,3,1,4,3,0,1,3,1,3,202,-979,1
1,29,4,3,2,1,2,0,0,3,1,2,189,1693,1
0,36,3,3,11,5,0,0,0,3,0,1,101,-1777,0
0,29,6,1,2,4,3,1,1,1,0,2,223,2844,0
0,31,3,1,8,3,1,1,1,2,1,1,203,1287,1
0,31,7,2,3,8,1,0,0,2,0,3,153,2679,0
0,24,7,1,8,5,4,1,1,4,1,1,256,1100,0
0,27,5,3,8,4,3,1,1,3,0,3,161,905,1
0,29,6,3,8,8,1,1,0,2,0,1,217,3349,1
0,32,6,3,10,4,2,1,1,2,0,2,284,337,0
1,29,3,3,2,3,4,0,1,3,1,2,213,2401,0
1,29,8,2,5,9,2,1,1,3,0,1,135,3471,0
0,35,6,2,7,3,2,1,1,4,1,1,190,4068,0
1,29,7,2,4,4,2,0,1,1,1,3,190,-555,0
1,36,5,1,14,4,1,0,1,4,1,2,244,674,0
0,35,7,3,1,4,3,1,1,2,0,3,208,2611,1
1,24,5,1,8,5,1,0,1,4,0,2,325,3028,1
0,34,6,1,3,3,3,1,1,2,1,2,201,1192,1
1,37,7,3,11,3,2,1,1,3,0,1,175,2718,1
1,33,5,3,1,3,4,0,0,3,0,3,141,1582,1
0,27,4,1,11,9,4,0,1,1,0,3,246,945,1
0,31,5,3,8,1,2,0,1,1,1,2,213,757,1
1,34,8,2,7,5,1,1,1,4,0,2,153,1509,1
1,33,7,3,4,8,1,1,0,2,0,3,163,-562,1
0,31,4,3,10,8,3,0,0,2,0,2,171,1843,1
0,26,3,2,7,8,2,1,1,3,0,1,247,686,0
0,27,3,3,14,8,2,1,1,4,1,1,129,794,1
0,30,6,2,13,4,4,0,1,3,1,1,165,4113,1
1,33,5,1,3,2,1,1,0,3,1,3,128,1208,0
1,29,6,2,4,2,3,1,1,4,0,3,158,1716,0
1,32,6,1,1,3,2,0,0,2,0,1,186,1939,1
0,31,4,1,3,4,3,1,1,3,0,2,264,2065,0
0,30,7,1,8,3,2,0,0,1,0,3,250,3304,1
1,28,7,1,8,8,1,0,1,5,0,2,236,-674,1
0,33,5,3,3,8,4,1,1,2,0,1,122,475,1
1,30,10,2,10,4,2,0,1,6,0,1,240,1551,1
1,30,7,1,8,7,2,1,1,2,0,1,217,1505,1
1,32,8,1,5,7,0,0,1,5,1,1,130,-662,1
0,31,6,1,5,4,3,1,1,3,0,3,209,3130,1
0,29,7,3,11,4,4,1,1,4,0,3,203,536,0
1,30,5,2,12,5,1,0,0,5,1,1,187,1479,1
1,26,6,3,1,2,1,0,0,1,0,2,255,1551,0
0,28,6,2,11,8,3,1,1,3,0,2,162,3746,0
1,32,5,3,11,8,3,1,1,2,1,2,266,3949,1
1,26,7,2,10,4,1,0,0,2,1,2,196,-645,1
1,34,5,1,1,8,1,0,0,2,0,3,144,1245,1
1,29,7,3,8,4,3,1,1,2,0,2,229,2790,1
1,29,5,2,11,4,2,0,0,2,0,3,217,741,1
0,32,2,1,8,5,2,1,1,5,0,1,200,533,1
1,31,4,1,11,7,1,0,0,6,1,1,38,431,0
1,30,7,1,13,8,2,1,1,2,0,2,159,-185,1
0,32,4,2,5,8,2,0,1,3,1,1,188,1368,0
1,28,7,1,1,8,1,1,1,1,0,2,200,4477,1
0,29,6,2,3,7,2,1,1,3,0,1,131,2523,1
1,31,8,1,8,7,4,0,1,4,0,2,171,2476,1
0,30,7,1,7,3,2,1,1,1,0,1,191,-432,1
0,31,7,3,8,4,4,0,1,1,0,2,170,109,1
1,27,5,3,1,8,3,1,0,3,0,2,146,1743,1
1,30,8,1,12,1,2,0,0,5,0,1,205,4587,1
1,34,7,2,13,4,0,0,0,4,1,3,230,888,1
1,29,5,3,11,8,1,1,1,3,0,3,163,1476,0
1,30,6,1,8,5,2,0,1,4,0,3,251,1431,1
1,28,3,1,7,8,2,1,0,2,0,1,115,2242,0
1,30,6,1,5,7,2,1,1,4,0,1,196,4280,1
1,34,6,1,7,4,1,0,0,4,0,3,213,1728,1
0,31,7,2,11,2,1,0,0,3,1,3,212,1856,0
1,33,6,1,10,4,2,1,1,2,0,2,277,2228,1
1,31,7,2,1,2,1,0,1,1,0,3,220,3859,0
0,29,7,1,12,4,3,0,1,1,1,2,293,3680,1
0,33,6,1,11,3,2,1,1,3,0,2,207,3320,1
1,28,3,3,13,8,4,1,0,1,0,2,139,3372,1
1,36,4,1,8,8,4,1,1,5,0,2,227,3214,1
1,29,6,2,11,5,1,1,1,3,0,1,195,1442,1
1,25,6,1,3,7,2,0,1,5,0,1,197,4101,0
1,28,6,1,12,4,2,0,1,3,1,2,206,1373,1
1,28,5,2,9,4,1,1,0,3,0,3,172,148,0
1,26,5,2,11,7,2,0,1,2,0,1,170,2009,1
0,31,7,1,6,4,2,0,1,2,0,2,327,70,1
1,29,5,1,8,1,3,0,1,2,0,2,230,926,1
0,27,6,2,4,9,1,1,1,3,1,1,201,1275,0
0,31,3,1,8,3,1,1,0,2,1,2,184,-595,1
1,31,4,1,13,8,1,0,0,2,0,1,165,2975,1
1,31,6,1,8,1,2,0,1,2,0,2,217,861,1
1,30,6,1,5,4,5,1,1,2,0,2,265,4830,1
0,24,5,2,1,4,2,1,1,1,0,2,178,2828,1
1,28,4,1,7,9,0,1,0,3,1,1,170,-784,0
1,31,5,1,11,4,0,1,1,3,1,1,182,-1543,0
0,24,7,2,13,7,3,1,1,4,0,2,206,3474,1
0,34,7,2,8,5,2,1,1,6,1,2,186,3454,1
1,31,7,2,3,4,1,0,1,3,1,1,223,-235,0
0,30,3,1,8,4,3,1,1,2,1,2,200,3161,1
0,33,7,2,11,8,0,0,0,0,0,1,93,1271,1
0,32,5,1,3,8,0,1,1,4,0,1,209,1942,0
1,30,4,2,11,4,2,1,0,2,1,2,242,-134,0
0,27,7,2,3,4,1,1,1,3,0,2,221,4892,1
1,27,9,2,11,2,1,0,0,4,1,1,157,-160,1
0,39,2,1,6,9,2,1,0,3,1,3,215,583,0
0,28,2,1,11,4,3,1,1,3,1,1,157,731,0
1,30,9,1,11,1,2,0,0,3,1,2,215,1373,1
0,35,5,1,13,4,5,0,0,3,1,2,199,-385,0
0,28,7,2,11,8,2,0,1,3,0,2,178,1366,0
1,30,6,1,14,8,3,0,1,2,0,3,180,-121,0
1,30,8,2,12,4,1,1,1,4,1,2,298,1986,1
0,39,6,3,11,4,3,0,1,3,1,2,252,3669,0
1,29,5,1,8,4,2,0,1,4,1,2,298,823,1
1,36,6,1,8,8,0,0,1,5,0,1,199,4496,1
1,31,6,1,6,8,1,1,1,4,0,3,246,4172,1
1,28,5,1,1,2,2,0,0,1,0,2,159,2621,0
1,33,5,1,11,8,0,1,0,4,0,3,176,2304,0
1,35,10,2,3,2,0,0,1,3,1,2,197,160,0
0,31,3,1,1,1,2,0,1,2,0,3,207,260,1
1,26,6,1,8,8,3,1,1,4,0,1,172,1583,0
0,31,7,1,8,8,4,0,1,3,1,3,156,-220,1
1,29,7,2,7,7,0,1,0,3,0,1,120,2765,1
1,33,5,1,8,4,0,0,1,1,0,2,222,501,0
0,30,6,1,8,7,2,1,1,5,1,1,170,2014,0
0,30,6,1,11,9,2,0,1,4,1,2,195,1949,1
1,31,10,1,3,1,1,0,1,4,0,2,244,3301,1
1,32,6,2,11,1,3,0,1,4,1,2,126,2215,0
0,34,6,2,7,4,1,0,1,3,1,3,217,1144,1
0,27,6,1,8,4,2,1,1,2,0,2,201,-1125,1
0,34,8,1,1,8,1,0,1,3,1,2,217,138,1
1,31,7,2,3,4,2,1,1,1,0,2,254,3048,1
0,32,9,3,9,1,0,0,0,3,0,1,241,-329,1
1,30,8,1,3,8,3,1,1,3,0,2,263,3782,1
1,31,6,1,10,4,0,0,1,1,1,2,279,-1307,0
1,32,6,1,11,8,2,1,0,0,0,2,239,-264,0
1,35,7,2,1,4,3,0,1,1,1,2,250,-6,1
1,35,7,2,8,4,1,1,1,3,1,2,115,-139,1
0,29,5,1,8,4,2,0,1,5,0,1,274,-119,1
1,35,2,1,8,8,3,1,0,2,1,2,196,1057,1
0,35,6,1,1,8,3,1,0,3,0,2,249,2411,0
1,38,5,1,1,4,4,0,1,2,1,2,200,2537,0
0,27,7,2,11,7,0,1,1,3,0,1,179,3094,1
1,26,6,2,11,2,1,0,1,3,1,1,118,29,1
1,27,8,2,10,4,1,1,1,3,0,2,232,2839,1
0,36,6,2,1,8,1,0,1,4,0,3,195,2718,1
0,30,5,1,13,4,2,1,1,3,1,2,249,332,1
1,32,9,2,11,4,3,1,1,3,0,2,262,262,1
0,36,7,1,6,1,2,0,0,4,1,2,229,-514,1
1,33,9,1,8,2,1,1,1,3,1,2,173,3009,1
1,31,5,2,13,8,1,0,0,2,1,3,237,-788,0
1,30,5,2,10,4,2,0,1,1,1,2,273,676,0
1,29,6,1,7,7,0,0,1,3,1,2,243,1867,1
1,32,4,2,3,2,1,0,0,1,1,3,184,-308,0
1,36,7,2,3,8,2,0,0,0,0,2,264,3052,0
1,32,7,1,12,1,2,0,0,0,0,2,238,184,1
1,32,3,1,3,9,3,0,1,4,0,2,164,294,0
1,31,6,1,8,1,1,1,1,3,1,2,240,2979,1
1,31,8,2,11,8,3,1,1,3,0,2,219,-815,1
1,33,3,1,8,4,1,1,1,1,1,2,225,514,1
1,33,4,1,9,4,1,0,0,1,1,2,301,1387,0
1,27,6,2,8,2,1,1,1,2,1,2,250,3106,0
1,37,3,3,6,4,3,1,1,1,0,2,205,3747,0
1,31,7,2,11,8,1,0,0,3,0,1,137,30,0
1,31,5,1,8,4,1,0,1,4,0,1,264,189,1
1,34,6,1,8,7,1,0,0,2,0,2,218,650,1
1,37,6,2,1,8,0,0,1,3,0,1,77,2897,1
0,34,8,3,11,3,3,1,0,2,0,2,171,1860,1
0,31,4,3,8,4,1,1,1,3,1,2,222,1469,1
1,36,3,1,3,8,0,0,1,2,1,1,225,1603,0
0,32,5,2,1,4,3,0,1,3,0,1,168,-387,1
1,35,2,1,13,4,3,1,1,1,1,2,257,4441,1
1,35,4,2,14,1,3,0,0,1,1,2,178,3947,0
1,27,6,1,10,4,0,0,1,6,0,3,241,1283,1
1,29,7,1,7,4,0,0,1,4,0,1,238,1076,1
1,32,5,2,3,4,1,1,0,0,1,2,303,510,0
1,37,6,1,6,1,1,0,0,1,1,2,215,-66,1
1,33,7,3,8,1,3,0,1,1,1,2,259,-2532,1
1,33,3,1,8,8,2,0,0,0,0,3,258,613,0
1,28,8,2,5,4,-1,1,1,5,0,1,67,101,1
1,32,11,2,11,4,0,0,1,2,0,3,141,1077,0
0,36,5,1,3,7,3,1,1,4,0,2,266,4070,1
0,33,9,2,3,8,0,0,1,2,0,1,201,1773,1
1,38,7,3,8,1,1,1,0,4,0,1,92,-232,1
1,35,6,3,1,4,2,1,1,1,0,2,200,-593,1
0,36,8,2,7,9,2,0,0,3,1,1,107,3262,1
0,32,3,2,1,2,2,0,1,4,0,1,194,1174,0
1,31,7,2,11,4,0,1,1,0,0,2,237,-1243,1
1,42,7,1,3,4,1,1,1,3,1,2,309,1246,1
1,35,5,1,10,1,0,0,0,1,1,2,184,-1022,1
1,34,6,2,9,4,1,0,1,2,1,2,218,1330,1
1,28,9,2,3,4,1,0,1,3,1,2,259,-686,1
0,35,4,1,8,8,3,0,1,2,1,2,172,713,1
1,32,5,1,1,1,2,0,1,2,0,2,211,1368,1
1,34,7,2,12,4,1,0,1,0,1,2,245,-1784,1
1,27,5,1,13,8,0,0,0,0,0,1,187,88,0
1,30,3,2,8,4,1,1,1,1,0,2,246,-1722,1
1,36,3,1,6,4,1,0,0,1,1,2,314,-1065,0
1,31,5,1,8,4,2,1,1,3,0,2,209,-239,1
0,28,7,2,11,4,1,1,1,5,0,1,175,1955,0
0,32,6,1,1,8,2,0,1,2,0,1,240,4060,1
0,32,4,1,8,4,2,1,1,5,1,2,208,2243,1
1,25,6,2,11,4,1,0,1,3,0,2,182,-1879,0
1,38,6,2,6,4,0,1,1,1,0,2,246,1822,1
1,28,1,1,14,4,1,1,0,3,1,2,239,-696,0
1,39,5,2,13,5,2,1,1,2,1,2,251,1083,1
1,33,1,1,6,4,0,0,1,3,1,1,200,-1138,0
1,28,6,1,7,4,3,0,0,1,0,2,259,223,0
1,32,8,2,10,1,2,0,1,2,1,2,271,-387,1
1,23,6,2,4,4,-1,0,1,3,0,2,268,149,1
1,30,5,1,8,4,1,0,1,2,1,2,232,-4859,0
0,28,2,2,1,4,2,1,1,3,0,1,219,1845,0
1,33,6,2,7,4,0,1,0,3,0,1,164,-394,1
1,33,5,1,14,1,2,1,0,1,0,2,182,3017,1
1,28,7,2,14,2,1,1,1,5,0,1,265,3605,1
1,28,7,2,11,7,1,0,1,1,0,2,163,-88,0
1,28,6,3,14,1,3,1,0,2,0,2,135,729,1
1,30,4,3,1,4,2,0,1,1,1,2,216,-1765,0
1,29,5,2,3,2,2,0,1,3,1,2,170,-276,0
1,26,2,1,12,4,1,0,1,2,1,2,270,2769,1
0,34,3,1,14,4,2,0,1,4,0,1,233,5396,1
1,26,7,1,8,4,4,1,0,2,0,2,272,809,1
1,36,4,1,6,4,1,1,0,3,1,2,190,938,0
1,31,6,2,13,4,2,0,1,1,1,2,271,1414,0
0,26,7,2,10,4,1,1,1,4,0,1,300,-1158,0
1,29,5,1,3,4,1,1,1,6,0,2,216,-82,1
1,30,0,2,14,4,3,1,1,4,1,1,186,3879,1
1,35,5,1,4,4,0,1,1,5,1,1,208,-3435,0
0,24,6,2,11,2,3,1,1,4,1,2,189,1429,0
0,23,6,3,4,4,3,1,1,6,0,1,146,-1857,0
1,38,2,2,6,4,1,1,1,3,1,2,321,1840,1
1,33,9,2,13,3,1,0,0,-1,0,2,244,-2020,0
0,32,3,1,14,4,1,1,1,6,0,1,256,4376,0
1,36,8,2,3,4,2,1,1,3,0,2,196,2940,1
1,34,4,1,10,1,1,0,0,2,1,2,312,1722,1
1,33,4,1,8,1,3,0,0,1,0,2,199,-121,0
1,27,5,2,8,4,1,1,1,2,0,2,281,-1743,1
1,26,7,1,12,4,-2,0,1,4,0,1,131,-6029,1
1,30,5,2,14,7,2,1,1,4,0,2,211,4259,1
1,37,5,2,6,4,0,0,1,4,0,1,178,541,1
1,29,3,2,8,4,-1,1,1,3,1,2,199,1671,1
0,36,6,2,14,4,1,0,1,7,1,1,134,3177,0
1,30,7,2,11,4,3,0,1,5,0,2,197,-808,1
0,31,5,2,1,4,2,1,1,1,1,2,204,-1155,0
1,33,4,1,11,4,0,0,1,6,1,1,159,-813,1
1,41,3,1,10,1,5,1,0,2,1,2,267,4649,0
1,28,7,2,3,4,1,1,1,2,1,2,296,-400,0
0,32,6,2,11,4,2,1,1,4,0,1,176,-1001,1
1,32,6,2,7,2,0,0,0,2,0,2,162,2979,0
1,28,4,1,6,4,0,1,1,5,0,2,268,-2356,1
1,35,3,2,11,8,3,0,1,2,0,2,133,-537,1
1,25,4,2,4,4,1,1,1,5,0,2,210,1929,1
1,34,5,2,1,4,3,1,0,0,1,2,230,629,0
1,31,6,2,14,7,1,0,0,2,0,2,105,733,1
1,27,3,1,1,7,1,1,1,5,0,2,215,2910,0
1,27,6,2,14,4,2,1,1,4,0,2,178,2400,0
1,37,3,1,8,4,3,1,0,6,1,2,246,1143,0
1,35,7,2,11,4,1,1,1,3,1,2,171,-1726,1
0,22,2,1,14,8,0,1,1,3,0,3,169,3589,1
1,34,4,2,12,8,2,0,0,1,0,2,153,-1945,1
1,28,8,2,3,4,0,1,1,3,0,2,304,-810,0
0,24,7,2,10,4,1,1,0,3,0,2,201,292,0
1,26,0,1,14,4,2,1,0,0,0,2,198,2151,0
1,28,3,2,6,4,2,0,1,3,1,2,268,-2343,0
0,29,4,1,10,4,2,1,0,4,0,2,235,-2018,0
1,33,3,2,10,4,2,0,0,2,1,2,162,1369,1
1,31,6,2,10,4,2,1,1,5,1,2,318,2161,1
1,39,4,2,5,4,3,1,0,3,1,2,174,-435,0
1,37,7,2,13,1,1,1,0,0,0,2,198,-513,0
1,27,0,1,14,4,2,1,1,2,1,2,199,291,1
0,27,4,2,13,4,3,0,1,1,1,2,223,576,0
1,33,2,1,10,4,3,0,0,2,1,2,183,-59,0
1,26,6,2,13,4,3,1,1,3,0,2,279,-559,1
1,30,4,2,1,4,2,0,1,2,0,2,229,3256,0
1,34,4,2,3,4,2,1,0,3,0,2,164,-1931,1
1,40,1,1,13,4,6,0,0,-1,0,2,193,-3657,0
1,28,4,2,11,4,1,1,1,3,1,2,213,539,1
1,27,4,2,14,4,2,1,0,5,1,2,174,-864,1
1,37,4,2,5,3,2,1,1,3,0,2,137,3346,1
0,22,5,2,4,4,0,0,1,4,0,1,186,-3835,0
1,29,5,2,14,4,3,1,1,3,0,2,170,-170,0
0,36,1,2,1,8,1,0,0,5,1,1,147,2083,0
0,33,2,3,11,5,3,1,0,3,1,2,88,722,0
1,39,1,1,6,4,3,1,1,8,1,2,210,4648,1
1,27,7,2,10,1,3,1,0,2,0,2,302,-1271,0
1,30,5,3,8,4,2,0,0,3,0,2,142,-1411,1
0,34,3,3,10,4,4,1,1,6,1,2,256,5537,0
1,30,1,1,10,7,3,1,1,2,1,2,191,902,0
1,35,6,2,1,4,1,0,0,2,0,2,239,326,0
0,28,6,2,11,4,2,0,1,5,0,2,205,-2869,1
1,35,3,2,10,4,1,1,1,6,1,2,287,3114,1
1,30,6,2,11,4,3,1,0,3,0,2,195,-784,0
1,31,6,2,11,4,3,0,0,1,1,2,82,-2937,0
1,34,1,1,14,8,3,0,0,1,0,2,97,3215,0
0,23,4,2,1,4,3,0,1,2,0,2,180,1205,0
1,40,0,1,14,4,2,1,0,3,1,2,198,764,0
1,36,0,1,14,4,3,0,1,3,0,1,104,147,0
0,33,3,2,14,4,4,1,0,5,1,2,177,2701,0
1,27,4,2,10,8,1,0,0,3,1,2,236,806,0
0,23,6,2,10,4,2,1,1,5,0,2,359,2269,0
1,32,6,2,13,5,0,1,0,4,0,2,164,1273,0
1,33,2,2,14,4,3,1,1,5,1,2,138,-1476,1
1,33,3,2,13,3,4,1,1,2,1,2,133,2827,0
1,31,6,3,8,4,3,1,0,4,0,2,239,624,1
1,22,4,2,11,4,3,1,1,3,0,2,183,1603,1
1,29,4,2,6,4,2,1,1,3,0,2,266,-1153,0
1,34,4,3,14,1,3,1,0,5,1,2,160,303,0
0,30,0,1,6,1,0,0,0,4,0,1,323,-815,0
1,18,4,2,4,4,2,1,1,4,1,2,244,-930,0
1,28,5,3,2,4,4,0,0,-1,0,2,125,-459,0
1,29,5,3,2,4,4,0,0,2,1,2,113,-2304,0
1,30,6,2,14,9,3,1,1,3,0,2,141,4105,0
1,35,4,3,6,1,3,1,0,2,0,2,179,1502,0
1,28,7,2,11,4,2,1,1,7,0,2,167,269,0
0,23,4,2,14,4,3,1,1,1,0,2,166,-1941,0
1,22,1,2,10,4,2,1,1,4,0,2,186,-2471,0
1,33,3,1,14,4,3,0,0,5,1,2,153,1020,0
1,34,1,3,13,4,4,1,1,1,1,2,165,1682,1
1,37,5,2,14,7,3,0,0,0,0,2,71,2223,0
1,27,3,2,13,4,2,1,1,3,1,2,247,1562,0
1,28,1,1,4,4,4,0,1,4,0,2,207,1975,0
1,25,3,3,8,4,4,1,0,3,0,2,158,-1496,0
1,31,4,2,2,4,4,1,0,2,0,2,145,-3189,0
1,25,-1,2,14,4,2,1,1,1,1,2,173,-1842,0
1,35,7,2,10,4,4,0,0,3,0,2,237,-1071,0
1,22,6,2,10,4,3,1,1,5,0,2,215,1896,1
1,30,2,2,14,4,4,0,0,3,1,2,151,102,0
0,29,4,2,1,4,1,0,0,4,1,1,229,-596,0
1,24,3,2,14,7,1,1,1,8,0,2,161,4598,1
1,23,1,2,4,4,1,0,1,4,1,2,177,-11,0
1,31,-1,1,14,4,2,1,0,0,1,2,212,70,0
1,36,0,2,12,4,3,0,1,4,1,2,144,3477,0
1,26,3,2,11,4,3,0,0,1,1,2,75,-996,0
1,26,5,2,11,4,3,0,1,5,1,2,202,-953,0
1,29,4,2,1,4,0,1,0,4,0,2,88,-243,0
1,38,2,1,1,5,3,0,0,2,0,2,122,766,0
1,30,4,2,2,4,4,1,0,0,0,2,192,777,0
1,46,3,1,10,1,4,0,0,1,1,2,201,-584,0
1,29,2,2,12,8,2,0,0,2,0,2,176,2317,1
1,28,4,3,11,4,4,1,0,3,1,2,133,-3190,0
1,32,3,3,2,4,3,0,0,2,1,2,173,-1217,0
1,37,3,2,3,4,4,1,1,5,1,2,131,419,0
1,32,2,3,14,4,3,1,0,3,1,2,221,-1439,0
1,23,3,2,11,2,3,1,0,0,0,2,103,3154,0
1,14,8,2,4,4,0,1,1,5,0,2,267,-1525,1
1,30,6,2,8,4,2,0,0,4,0,2,247,-666,0
1,34,3,2,2,5,4,0,0,3,1,2,101,1009,1
1,24,5,2,2,4,1,0,0,2,0,2,196,-3343,0
1,27,7,2,11,8,4,1,0,0,0,2,118,-168,0
1,28,2,2,12,9,3,0,0,3,0,2,68,-527,0
1,33,3,1,2,1,5,0,0,2,1,2,41,3822,1
1,24,5,2,11,4,4,1,1,3,1,2,21,2366,0
1,31,1,3,1,7,4,0,0,5,1,2,209,3367,0
1,39,4,2,1,7,3,0,1,8,1,2,290,7030,1
0,25,2,2,1,4,2,1,1,4,0,2,183,635,0
1,26,4,2,13,4,3,0,0,0,0,2,162,829,0
1,27,3,2,11,4,3,1,0,1,0,2,104,-404,0
1,29,4,3,2,5,2,1,0,-1,1,2,207,-4112,0
1,31,4,2,2,9,4,1,1,5,0,2,53,1618,1
1,23,8,2,11,9,3,1,1,3,0,2,80,-112,0
1,38,2,2,1,9,4,1,0,2,1,2,76,2770,0
1,29,3,2,1,4,1,1,0,6,1,2,244,1088,0
1,26,1,2,12,4,2,0,1,4,0,2,232,3079,1
0,42,2,3,14,1,5,1,0,2,1,2,236,996,0
1,24,2,1,9,4,1,1,0,5,0,2,217,-1033,0
1,26,5,2,14,4,2,1,1,6,1,2,197,3679,1
1,22,4,2,11,8,2,0,0,4,0,2,140,-809,0
1,38,0,2,1,7,2,0,0,2,1,2,175,3281,0
1,23,4,3,2,4,3,1,0,1,1,2,153,-3977,0
0,23,6,2,14,4,4,1,1,5,0,2,141,4575,1
1,32,3,2,10,4,5,0,0,4,1,2,110,1082,0
1,30,2,2,13,8,3,1,0,1,0,2,221,3102,0
1,28,1,2,4,7,2,0,0,2,0,2,165,-465,0
1,29,4,1,12,4,2,1,1,5,1,2,192,176,0
1,41,2,1,1,4,3,0,0,7,1,2,231,1848,0
0,29,4,2,1,4,2,0,1,7,0,1,199,32,0
1,36,3,1,10,4,4,0,0,5,1,2,183,1992,0
1,38,7,2,2,3,4,0,0,2,1,2,134,2908,0
1,23,3,2,11,2,1,1,1,3,0,2,86,1373,0
1,31,1,2,14,9,4,1,0,2,1,2,51,2779,0
1,29,5,2,11,9,3,1,0,6,0,2,129,-249,0
1,37,5,2,10,8,2,1,0,4,0,2,201,1549,0
1,26,2,2,12,4,3,0,0,3,0,2,187,1395,0
1,40,-1,2,12,8,2,1,0,4,0,2,201,2274,0
1,30,7,2,2,4,3,0,1,4,0,2,137,3535,0
0,16,7,2,11,9,4,1,1,7,0,2,99,-612,1
1,14,1,2,11,4,3,1,1,4,1,2,153,-1795,0
1,39,2,2,1,8,3,0,0,0,1,1,225,-424,0
1,29,3,2,2,7,3,0,0,1,0,2,20,4675,0
1,37,2,2,13,8,4,1,0,1,0,2,211,1290,0
1,32,0,2,12,4,5,1,1,4,0,2,96,2170,0
1,33,2,2,11,9,5,1,0,3,1,2,10,3119,0
1,29,9,2,11,2,5,1,0,3,0,2,139,1923,0
0,37,7,2,11,9,4,1,1,8,1,2,76,6203,1
1,36,3,3,2,1,5,1,0,2,1,2,174,2472,0
1,26,5,2,2,4,3,1,0,2,1,2,258,-1610,0
1,23,5,2,14,4,2,1,1,7,0,2,227,5988,1
1,29,9,2,2,1,5,0,0,0,0,2,56,-915,0
1,24,4,2,9,4,4,1,1,6,0,2,185,1355,0
1,27,7,2,11,4,4,1,1,4,0,2,183,2995,0
1,42,5,3,9,1,5,0,0,-3,0,2,54,858,0
1,29,2,2,9,8,4,0,0,0,0,2,42,-807,0
1,30,6,2,1,1,3,1,0,2,0,2,125,330,0
1,11,6,2,4,4,0,1,1,5,0,2,354,1036,0
1,32,-1,2,1,4,1,1,1,6,1,2,286,3654,0
1,20,3,2,11,4,2,0,0,3,1,2,53,1054,1
1,35,4,2,8,8,2,1,0,0,1,2,94,1681,0
1,39,5,2,2,8,4,0,0,1,0,2,139,2087,0
1,30,8,2,11,2,4,1,0,0,1,2,46,4592,0
1,34,4,2,11,2,6,0,0,-4,1,2,48,-1423,0
1,31,6,2,1,4,2,1,0,2,0,2,177,1807,0
1,42,2,3,14,8,5,0,0,-2,1,2,-35,3628,0
1,37,0,3,1,1,5,1,0,-2,0,2,74,1932,0
1,34,5,2,8,7,4,1,0,2,1,2,83,2353,0
1,27,3,2,11,2,3,0,0,3,1,2,110,2288,0
1,31,4,2,10,4,4,0,0,-2,1,2,164,-1139,0
1,36,0,2,6,4,3,0,0,3,0,2,223,3090,0
1,31,6,2,11,4,3,0,0,0,0,2,49,1527,0
1,22,7,3,11,8,4,1,0,1,0,2,87,-1609,0
1,22,7,2,11,2,4,1,0,0,0,2,203,-504,0
1,35,5,2,14,7,2,1,0,3,0,2,102,3364,0
1,22,4,2,11,4,4,1,1,4,1,2,163,2764,1
1,32,3,3,11,8,5,0,0,-3,0,2,53,-1453,0
1,30,3,2,11,9,4,1,0,-1,0,2,-45,935,0
1,30,1,2,1,2,3,1,1,1,1,2,196,4591,0
1,39,5,2,8,1,4,0,0,-2,1,2,170,2057,0
1,15,6,2,4,4,1,1,1,4,0,2,296,784,0
1,30,1,2,2,4,3,1,0,0,0,2,195,90,0
1,30,5,2,4,8,4,0,0,0,0,2,44,-1933,0
1,39,0,2,12,8,2,0,0,-1,0,2,128,2884,0
1,27,7,2,4,4,2,0,1,3,0,2,201,2062,0
1,31,1,2,12,4,5,1,0,0,1,2,191,3224,0
1,21,8,2,7,4,1,0,1,8,0,1,279,261,0
0,25,3,2,14,4,1,1,1,9,1,1,250,4082,1
1,36,3,2,5,9,4,1,1,6,1,2,60,5930,1
1,26,4,2,7,4,2,1,1,6,0,2,159,4227,1
1,29,8,2,11,1,2,1,0,2,0,2,116,1506,0
0,31,4,2,7,4,4,0,0,6,1,2,119,3073,0
1,26,5,2,11,9,2,1,1,9,1,2,170,5077,1
1,30,3,2,7,4,3,0,0,1,0,2,185,-1448,0
1,35,5,2,11,7,6,0,0,-1,0,2,65,2816,0
1,39,4,2,5,2,5,0,0,-2,1,2,27,1119,0
1,13,4,2,4,4,1,1,1,9,0,2,332,3470,1
1,33,-1,2,11,4,4,0,0,0,0,2,173,3392,0
1,30,5,2,11,2,2,0,0,5,0,2,138,1627,0
1,34,4,2,11,8,4,1,0,0,0,2,131,2629,0
0,36,4,1,11,4,4,1,0,6,1,2,215,5507,0
1,26,5,2,11,7,2,0,0,4,1,2,176,4850,1
1,34,4,2,5,9,5,0,0,2,0,2,30,3655,0
1,23,7,2,11,9,2,1,0,3,0,2,143,2386,0
1,26,7,2,7,7,1,0,0,6,0,1,172,1218,0
1,35,4,2,11,1,5,0,0,-2,1,2,84,3522,0
1,25,4,2,2,7,2,1,0,4,0,2,84,3762,1
1,41,4,2,11,8,3,0,0,1,0,2,23,1632,0
1,36,3,2,5,8,4,1,0,1,1,2,176,2510,0
1,27,7,2,4,4,5,0,1,3,0,2,106,2043,0
1,27,7,2,7,4,4,1,1,5,0,2,101,4132,1
1,32,-2,2,14,8,3,0,1,3,0,1,74,3370,0
1,19,1,2,11,4,1,1,1,6,1,2,175,4398,1
1,46,1,2,12,3,4,0,0,-4,1,2,189,2549,0
1,32,7,2,11,8,6,0,0,1,1,2,70,2608,0
1,30,4,2,11,1,3,0,0,-1,0,2,210,-3008,0
1,32,2,2,1,4,3,1,1,5,1,2,281,2202,1
1,36,4,2,7,4,2,0,0,3,1,2,186,713,0
1,31,6,2,11,9,4,1,0,5,1,2,52,4954,1
1,34,4,2,1,7,2,0,0,6,0,2,277,4902,0
1,42,2,2,6,3,4,0,0,-3,0,2,99,753,0
1,41,2,2,6,9,2,0,0,3,1,2,176,4670,0
1,34,11,2,7,3,3,0,0,3,1,2,124,3160,0
1,18,10,2,7,4,1,1,1,10,1,2,262,5125,1
1,34,5,1,11,7,6,1,0,6,1,2,189,4772,0
1,29,7,3,11,8,4,0,0,2,0,2,162,1203,0
1,36,5,2,8,4,3,0,0,-3,0,2,246,-1562,0
1,29,7,2,11,2,3,1,0,6,1,2,183,2687,0
1,40,4,2,1,4,0,0,0,6,0,2,294,1904,0
1,33,2,2,4,8,3,0,0,-3,1,2,93,1177,0
1,31,6,2,11,1,3,0,0,-3,0,2,172,-2705,0
1,36,2,2,11,8,1,0,0,0,0,2,148,841,0
1,36,2,2,4,8,4,0,0,0,0,2,206,999,0
1,29,6,2,7,2,1,0,0,-1,0,2,227,2114,0
1,35,4,2,7,4,2,0,0,3,0,2,230,1213,0
1,32,-1,2,11,4,3,0,0,0,1,2,194,3775,0
1,27,5,2,7,7,1,1,0,8,0,2,234,5187,1
1,36,3,2,2,8,2,1,0,4,1,2,161,1233,0
1,39,-1,2,8,1,3,1,0,-3,1,2,189,4609,0
1,34,5,2,1,1,0,0,0,3,0,2,252,815,0
1,35,8,2,7,8,3,0,0,4,0,2,199,2190,1
1,18,9,2,11,4,3,1,0,2,0,2,137,1530,1
1,43,-4,2,6,4,1,0,0,0,1,2,240,4156,0
1,30,5,2,11,1,4,1,0,3,0,2,184,3264,0
1,44,6,2,5,3,3,1,0,4,0,2,199,5919,1
1,30,4,2,7,4,1,1,0,0,0,2,137,1012,0
1,43,2,2,5,8,6,0,0,-1,1,2,22,1677,0
1,39,6,2,6,4,2,0,0,1,0,2,215,1029,0
1,38,6,2,11,1,4,0,0,1,0,2,117,2149,0
1,33,4,2,10,8,2,1,0,4,1,2,229,5331,1
1,41,6,2,11,1,6,0,0,-4,1,2,-31,37,0
1,32,6,2,11,8,2,0,0,-1,0,2,106,1861,0
1,27,8,2,7,4,2,1,1,7,1,2,199,3822,1
1,37,5,2,1,8,2,0,0,0,0,2,189,-395,0
1,24,6,2,11,4,4,1,0,5,0,2,223,2565,1
1,28,9,2,11,4,2,0,0,0,0,2,203,615,0
1,26,8,2,11,4,2,1,1,5,1,2,234,3944,1
1,29,8,2,11,4,2,0,0,5,0,2,178,2384,1
1,26,7,2,11,4,1,1,0,3,0,2,119,1696,1
1,25,7,2,11,8,1,0,0,4,0,2,128,1568,1
1,33,3,2,7,4,3,1,0,1,0,2,189,3797,0
1,40,5,2,11,4,3,0,0,3,1,2,231,5545,0
1,39,2,1,1,1,1,0,0,1,1,1,346,836,0
1,24,5,2,4,4,1,1,0,6,0,2,334,2098,1
1,35,6,2,11,1,4,0,0,-5,0,2,142,-1726,0
1,22,5,2,11,8,2,0,0,0,0,2,114,1148,0
1,24,5,2,5,2,2,1,1,2,0,2,71,9294,1
1,41,0,2,5,4,3,0,0,-5,1,2,119,-375,0
1,36,6,2,7,4,3,0,1,2,1,2,192,4147,1
1,40,8,2,11,1,2,0,0,2,1,2,172,2575,0
1,46,-3,2,1,4,3,0,0,1,1,2,221,2199,0
1,39,1,2,8,8,4,0,0,-2,1,2,151,-1803,0
1,42,-2,2,1,4,2,0,0,-1,1,2,165,2069,0
1,29,5,2,8,8,1,0,0,-2,0,2,197,-3874,0
1,36,2,2,1,7,-2,0,0,-2,0,2,227,1723,0
1,36,4,2,7,8,3,1,0,2,1,2,199,10,0
1,31,8,2,7,4,1,0,0,3,0,2,229,1064,1
1,41,6,2,7,1,2,0,0,1,0,2,265,-1819,0
1,28,5,2,7,1,2,0,0,1,0,2,134,-709,0
1,26,5,2,11,8,2,0,0,5,0,2,170,-238,0
1,47,-3,2,8,8,3,0,0,-3,0,2,74,-277,0
1,33,0,2,8,8,3,1,0,0,1,2,290,1307,0
1,40,6,2,1,8,3,0,0,-4,0,2,145,-677,0
1,41,9,2,6,1,3,0,0,-7,0,2,213,-2205,0
1,45,3,2,7,4,5,0,0,0,1,2,121,2513,0
1,33,11,2,11,1,4,0,0,0,1,2,-48,-2111,0
0,20,10,2,7,2,1,1,1,5,0,2,251,4226,1
1,38,4,2,1,4,0,1,1,6,0,1,412,2646,1
0,30,6,2,1,7,1,1,1,8,0,1,226,2953,1
1,36,1,2,1,4,0,0,0,-1,0,2,293,-2087,0
1,39,0,1,5,7,3,1,1,9,1,1,198,4949,0
1,35,11,2,4,4,4,0,0,2,0,2,187,1308,0
1,41,5,2,6,1,3,0,0,4,1,2,289,864,0
1,26,7,2,7,8,2,1,0,6,0,2,246,98,1
1,31,5,2,7,7,0,1,1,6,0,2,238,2287,1
1,41,7,2,11,4,6,0,0,3,0,2,119,535,0
1,24,7,2,4,8,1,1,0,1,0,2,242,-4949,0
0,26,2,2,11,4,2,1,0,3,0,2,270,623,0
1,30,7,2,7,4,1,0,0,7,0,2,216,900,1
1,28,7,2,7,4,2,0,0,0,0,2,268,-1762,0
1,31,7,2,7,4,1,0,1,6,1,2,282,-283,1
1,36,3,2,1,1,2,0,0,-2,0,2,146,-2831,0
1,30,7,2,5,8,4,1,1,6,0,2,156,4701,1
1,21,11,2,11,8,1,1,0,2,0,2,116,1001,1
1,20,8,2,11,2,1,1,0,3,0,2,192,1141,1
1,23,7,2,11,4,2,0,0,4,1,2,284,1197,1
1,33,8,2,6,4,2,0,0,2,0,2,328,-2915,0
1,24,9,2,10,8,0,1,1,9,0,2,337,2613,1
1,29,3,2,8,8,3,1,0,1,1,2,28,3028,1
1,27,8,2,7,4,2,1,1,11,0,2,276,4954,1
1,39,4,2,1,1,2,0,0,-2,1,2,188,-735,0
1,31,8,2,7,8,1,0,0,0,0,2,190,3248,1
0,33,5,1,1,8,5,1,1,10,1,2,248,6604,1
1,31,7,2,7,4,3,1,0,4,0,2,221,716,0
0,38,4,2,1,1,0,0,0,5,1,2,209,3797,0
1,30,2,2,8,4,2,0,0,4,1,2,233,960,0
1,29,8,2,6,4,1,0,1,6,0,2,242,-802,1
1,22,7,2,10,4,2,0,0,5,1,2,287,-626,0
1,29,9,2,7,8,2,0,0,1,0,2,210,-4075,0
0,42,6,1,10,1,5,1,0,10,1,2,297,4696,0
1,37,6,2,5,1,3,1,0,3,1,2,215,-471,1
1,47,4,2,1,1,2,0,0,-1,1,2,200,-1176,0
0,29,10,2,11,2,3,1,1,14,1,2,248,9502,1
1,24,6,2,5,4,1,0,1,4,0,2,304,791,0
1,33,6,2,6,4,2,0,0,4,0,2,270,-2636,0
0,31,7,2,1,4,4,1,1,8,0,2,220,4203,1
1,36,11,2,10,4,4,1,1,10,1,2,383,4717,1
1,32,5,2,1,8,2,0,0,1,0,2,249,-2169,0
1,29,6,2,3,4,1,0,0,-4,0,2,303,-3930,0
1,30,10,2,7,3,1,1,0,2,0,2,237,-42,0
0,36,6,2,6,1,2,0,0,6,0,2,298,4090,0
1,29,10,2,11,8,3,1,0,5,0,2,61,687,1
1,35,10,2,6,8,2,0,0,3,0,2,329,-1238,0
1,19,8,2,6,4,1,0,1,8,0,2,383,-69,1
1,36,0,2,8,4,2,0,0,4,1,2,199,2305,0
1,29,9,2,6,3,2,0,0,1,0,2,122,-2561,0
1,36,10,2,1,8,2,0,0,1,0,2,195,-813,0
0,28,3,2,14,4,2,1,1,12,1,2,269,3453,1
1,30,4,2,6,4,1,1,1,4,0,2,189,461,1
1,20,13,2,8,4,3,0,0,-1,0,2,144,-3675,1
1,30,3,2,6,4,0,0,1,6,1,2,331,3337,1
1,31,13,2,10,1,4,0,0,7,0,2,263,1113,1
1,33,4,2,10,4,2,0,0,4,1,2,190,2210,1
0,30,6,2,7,8,1,1,1,8,0,2,161,349,1
1,38,7,2,14,3,4,0,0,2,1,2,50,-386,0
1,33,6,2,8,4,3,0,0,-2,0,2,-11,-2362,0
1,31,8,2,8,4,2,0,0,-1,0,2,311,-1195,0
1,33,1,2,8,4,3,0,0,5,1,2,140,-377,1
1,41,4,2,5,4,4,0,0,2,1,2,210,-2108,0
0,24,4,2,6,4,2,0,1,6,0,2,204,-1387,1
1,32,7,2,5,4,3,0,1,5,1,2,185,1707,1
1,22,11,2,8,4,1,0,1,3,0,2,250,-3375,1
1,36,2,2,8,4,2,0,0,-1,1,2,88,-2905,0
1,38,5,2,6,4,2,0,0,2,0,2,195,2005,0
0,32,6,2,1,9,2,0,1,11,1,2,239,4253,1
1,30,10,2,3,4,1,1,1,4,1,2,376,-1406,1
1,43,5,1,9,1,2,0,0,2,1,2,249,-2867,0
1,36,3,2,8,4,0,1,0,3,1,2,193,1754,1
1,38,6,2,6,4,1,0,0,0,0,2,250,-4083,0
1,40,5,2,9,1,2,0,0,-1,0,2,116,-369,0
1,21,0,1,9,4,-1,0,0,-4,1,2,275,-3332,0
1,25,3,2,12,8,0,0,0,0,0,2,124,667,0
1,34,8,2,5,7,3,1,1,8,1,2,145,8595,1
1,34,2,2,6,4,-1,0,0,3,0,2,115,1305,1
1,30,11,2,8,8,2,0,0,-4,0,2,213,-5157,0
1,35,10,2,10,4,0,0,0,-2,0,2,413,-7447,0
1,31,7,2,6,1,-1,0,0,-1,0,2,284,-5216,0
1,14,6,2,8,4,0,0,0,2,1,2,66,-1417,1
0,29,5,2,3,4,2,1,1,4,0,2,254,4088,1
1,30,7,3,9,8,5,1,0,2,1,2,19,-1101,0
1,27,4,2,13,4,-1,0,0,-1,0,2,317,-3845,0
0,35,11,2,5,7,4,1,1,8,0,2,175,75,1
1,23,8,2,10,4,1,1,1,7,1,2,486,-1932,1
1,43,7,2,5,7,1,0,1,8,0,2,208,2095,1
1,36,10,2,5,4,2,0,0,2,0,2,270,-931,0
1,22,13,2,7,4,1,1,0,7,0,2,254,-2637,1
1,22,10,2,1,4,3,1,1,7,0,2,262,2478,1
1,29,5,2,8,4,1,1,1,2,0,2,204,-495,1
0,51,7,1,1,1,3,0,0,2,0,2,194,-30,0
1,51,4,2,14,1,4,0,0,4,1,2,205,5360,0
1,17,8,2,10,4,0,1,1,7,0,2,255,-963,1
1,37,14,2,8,1,6,0,0,-2,0,2,-61,-271,1
0,31,8,2,8,4,2,0,0,3,0,2,188,-1855,1
1,34,3,2,8,4,2,0,0,-4,0,2,138,-4798,0
1,20,13,2,10,4,0,1,1,6,0,2,237,1406,1
1,35,4,2,8,4,0,0,1,1,0,2,280,215,1
1,44,3,2,6,3,0,0,0,-3,0,2,209,1339,0
1,27,6,2,10,4,2,0,1,7,1,2,301,1725,1
1,42,4,2,8,8,2,0,0,-4,0,2,110,-3532,0
1,30,5,3,8,7,2,0,0,2,1,2,90,2154,1
1,44,5,2,13,2,3,0,0,-6,1,2,29,1809,0
1,24,5,2,8,4,0,0,0,-4,1,2,115,-6635,0
1,21,10,2,10,4,-1,0,0,-1,0,2,321,-5472,1
1,39,0,2,8,4,1,0,0,-3,0,2,68,-3369,0
1,32,10,2,14,2,2,1,0,2,0,2,72,2868,1
1,27,13,2,10,4,3,0,1,6,0,2,310,-2848,1
0,28,11,2,10,4,1,0,0,7,0,2,410,-8332,0
1,17,3,2,12,4,-6,0,0,0,0,2,425,-4716,0
1,16,3,2,8,4,-1,0,0,-5,0,2,239,-3409,0
1,35,0,1,9,1,3,0,0,-2,1,1,168,-2515,0
1,30,10,2,13,8,3,0,0,-5,0,2,-7,-6206,0
0,20,9,2,6,4,0,1,1,5,0,2,209,-5985,1
0,22,7,2,10,4,3,1,1,16,0,2,360,4408,1
1,26,2,2,8,4,1,0,0,-6,0,2,17,-5608,0
0,42,8,2,1,8,4,1,1,9,1,1,242,5696,1
0,29,5,2,9,4,2,0,0,1,1,2,83,-1929,0
0,38,8,2,14,7,3,1,1,8,0,2,170,6089,1
1,39,-5,1,13,4,-2,0,0,-3,0,2,458,-1549,0
0,31,8,2,8,4,4,1,1,10,1,2,218,4349,1
0,32,8,2,3,4,3,1,1,16,1,2,256,9284,1
1,22,2,1,9,4,-2,0,0,-2,1,2,294,-4101,0
0,26,10,2,3,4,2,1,1,13,0,2,215,3919,1
1,47,2,2,13,5,3,0,0,3,1,2,59,3082,0
1,39,4,2,8,4,5,0,1,4,0,2,16,2212,1
1,39,2,1,9,4,1,0,0,-9,0,2,30,-993,0
1,32,1,2,12,4,-2,0,0,-1,0,2,311,165,0
1,36,2,1,9,5,-2,0,0,-8,0,2,380,-10014,0
1,21,9,2,3,4,3,1,1,11,0,2,260,6394,1
1,18,11,2,9,4,1,1,0,6,0,2,76,301,1
0,31,9,2,9,4,3,1,0,0,1,2,47,337,1
1,44,3,1,8,8,3,0,0,3,1,2,104,6241,1
1,34,4,1,9,4,2,1,0,1,0,2,170,-955,1
1,29,8,2,8,4,3,0,0,2,0,2,136,-473,1
1,39,7,1,14,1,4,0,0,-6,1,2,106,-2174,0
0,35,7,2,13,2,2,0,0,-7,0,2,24,-7198,0
1,30,5,2,8,4,2,0,0,0,0,2,155,-2521,1
1,25,3,2,9,4,0,0,0,-1,1,2,211,-4255,0
1,32,2,2,8,4,2,1,1,6,1,2,108,5054,1
1,38,1,2,12,4,1,0,1,5,1,2,120,6412,1
1,23,6,2,13,4,2,0,0,-5,0,2,109,-7153,0
1,31,11,2,3,4,3,1,1,11,0,2,133,8379,1
1,27,5,2,13,5,-1,0,0,-6,0,2,285,-3540,0
1,21,7,2,9,4,0,1,1,5,0,2,210,1749,1
1,29,7,2,10,4,0,0,0,1,0,2,318,-4071,0
0,26,-1,2,8,4,1,0,0,-2,0,2,46,-1976,0
1,25,2,2,13,4,0,0,0,-3,0,2,322,-5172,0
1,36,12,2,3,8,4,1,0,1,1,2,109,1716,1
0,44,6,2,1,4,5,1,1,10,1,2,156,4409,1
1,32,6,2,5,4,2,1,1,3,0,2,97,3444,1
0,39,6,2,3,7,5,1,1,15,1,2,150,13516,1
0,25,10,2,11,4,3,1,1,6,0,2,48,2271,1
1,10,6,2,10,4,-4,1,1,7,0,2,343,-200,1
1,41,6,2,3,4,2,1,0,2,1,2,245,1285,1
1,46,4,1,13,5,1,0,0,-8,0,2,128,-6669,0
1,28,4,1,13,4,1,0,0,-6,1,2,17,-2269,0
1,13,11,2,10,4,1,1,1,7,0,2,254,-3784,1
0,29,11,2,10,4,2,1,1,25,0,1,436,7224,1
1,23,2,2,9,4,-1,0,1,6,1,2,285,164,1
1,15,7,2,9,4,1,0,0,-1,0,2,-71,-407,1
0,31,2,2,3,4,-1,0,0,-4,0,2,89,1022,0
0,29,8,2,11,4,4,1,1,3,1,2,65,1546,1
0,9,8,2,9,4,-1,1,1,8,0,2,292,3985,1
1,28,-5,2,8,4,0,0,1,5,1,2,220,6682,1
1,28,1,1,9,4,-2,0,0,-6,0,2,245,-7307,0
1,25,2,1,8,4,1,0,0,-5,1,2,113,-5808,0
1,25,11,2,2,5,3,1,0,4,0,2,165,-4439,1
0,27,9,2,10,4,3,1,1,12,1,2,217,3996,1
0,25,6,2,11,4,3,1,1,11,0,2,144,-969,1
1,34,8,2,10,5,0,1,1,5,0,2,502,1651,0
0,37,4,2,8,8,5,1,1,12,1,2,201,8956,1
0,44,5,1,5,7,4,0,0,-1,0,2,17,-5294,0
0,35,7,2,11,9,6,1,1,15,1,2,60,7041,1
1,19,9,2,3,4,-1,1,1,3,0,2,206,-1170,1
1,33,7,1,9,4,1,0,0,2,0,2,344,-8005,0
1,28,8,2,3,4,2,1,1,9,0,2,344,8884,1
1,36,9,3,8,1,4,0,0,-4,1,2,27,-4849,0
1,31,5,2,13,2,1,1,1,-1,0,2,160,3360,1
0,31,11,2,3,4,4,1,1,7,0,2,140,2280,1
0,37,15,2,3,5,7,1,1,9,1,2,180,3011,1
1,26,6,2,10,4,-1,0,0,3,0,2,263,-149,0
1,30,6,2,8,5,2,0,0,-4,1,2,99,-1801,0
1,16,7,2,12,4,0,1,1,11,0,2,99,3141,1
1,23,3,2,8,4,3,1,1,5,1,2,36,3641,1
1,26,7,2,11,8,2,0,0,-3,0,2,195,-4523,0
1,43,5,1,13,5,2,0,0,-9,0,2,68,-9131,0
0,8,13,2,9,4,0,1,1,8,0,2,344,-3521,1
1,9,9,2,2,4,0,1,1,6,0,2,120,1071,1
1,18,7,2,12,4,-1,1,1,3,0,2,249,452,1
0,21,9,2,3,4,2,1,1,13,0,2,227,4592,1
0,23,10,2,10,4,1,0,0,2,0,2,303,-7322,0
1,50,-6,2,13,2,-1,1,1,7,1,2,428,10377,1
1,24,5,2,14,4,2,1,1,2,0,2,99,-1289,1
0,32,6,2,3,4,3,1,1,20,1,2,234,10710,1
0,28,-3,2,9,7,-1,1,0,4,0,2,234,3247,0
1,30,9,2,2,4,2,0,0,4,0,2,329,-3751,0
0,32,10,2,1,2,4,0,1,6,0,2,105,-1232,0
1,41,6,1,13,5,2,0,0,-12,0,2,102,-9996,0
1,24,-2,2,9,4,-1,0,0,-5,1,2,-48,-571,0
1,14,7,2,9,4,3,1,1,8,1,2,26,3875,1
0,31,15,2,1,4,7,1,1,17,0,2,56,2786,1
1,55,2,1,14,7,0,0,0,8,1,1,315,4324,0
1,47,1,1,10,4,1,0,0,3,1,2,310,-568,0
0,24,4,2,14,4,2,1,1,9,1,2,322,-718,0
1,32,5,2,10,4,2,1,1,10,0,2,357,1606,1
0,44,12,2,10,4,3,1,1,9,1,2,229,5132,1
0,34,7,2,14,4,4,1,1,4,0,2,151,-3763,0
1,45,-2,1,13,4,4,1,1,3,1,2,96,-162,1
1,13,9,2,9,4,1,0,0,-2,0,2,235,-6331,0
0,56,-1,1,13,4,3,0,0,1,1,2,37,3509,0
0,25,4,2,9,4,1,0,1,0,1,2,61,1613,1
1,33,2,1,13,4,-2,0,0,-9,0,2,219,-6013,0
0,40,8,1,10,5,4,1,1,8,0,2,338,791,0
1,32,3,1,13,5,-1,1,0,1,0,2,438,-1665,0
1,32,9,1,9,1,1,0,0,3,0,2,307,-482,0
1,42,4,1,14,1,2,1,0,3,0,2,225,32,0
0,42,10,1,3,1,3,0,0,2,0,2,219,-6587,0
1,21,12,2,11,4,3,1,1,1,1,2,86,-2760,0
0,8,7,2,10,4,-3,1,1,15,0,2,519,2192,1
1,26,-6,1,12,4,-3,0,0,-6,0,2,253,-424,0
1,43,4,1,14,7,0,0,0,-3,0,2,197,-626,0
1,26,2,1,9,7,-1,0,1,5,1,2,277,2067,0
1,34,7,3,13,7,2,0,0,-7,0,2,35,-3628,0
0,31,7,2,7,4,3,1,1,5,0,2,118,419,1
0,25,0,2,9,4,0,0,1,0,1,2,250,-3097,0
1,41,-6,1,13,4,0,0,0,-2,1,2,91,4697,0
1,30,5,2,13,4,2,0,0,-4,0,2,-38,-3532,0
0,27,6,2,11,4,5,1,1,6,1,2,242,1326,1
1,30,1,1,13,5,0,0,0,-5,0,2,264,-2813,0
1,23,6,3,9,4,2,0,0,-4,0,2,237,-7161,0
1,7,8,2,13,4,-2,0,0,-8,0,2,108,-7014,0
1,33,4,2,8,4,3,0,1,1,0,2,49,-347,1
0,38,9,2,13,4,5,1,1,7,0,2,190,-574,1
1,20,2,2,10,4,-2,0,1,1,0,2,378,-4988,0
1,15,5,2,8,4,1,1,0,-2,0,2,-4,1788,1
1,27,2,1,13,4,-1,0,0,-3,0,2,346,-3413,0
1,22,-2,2,9,4,-1,0,1,4,1,2,276,1922,0
1,43,0,1,13,4,-1,0,0,-3,0,2,356,-6137,0
1,25,-2,1,13,8,-2,0,0,-9,0,2,146,-2084,0
1,34,-5,1,13,4,0,0,0,-4,0,2,243,-2292,0
0,28,2,2,13,4,1,0,0,-4,0,2,67,-1758,0
1,17,6,1,10,4,0,1,1,4,0,2,384,796,1
0,35,10,2,11,8,6,1,1,14,1,2,109,7058,1
1,25,2,1,12,4,-1,0,0,-1,0,2,260,-1026,0
0,27,6,1,9,7,2,1,1,9,1,2,158,3544,1
0,41,9,2,3,4,6,1,1,18,1,2,324,11828,1
1,58,-4,1,13,5,1,0,0,-2,1,2,399,2338,0
1,28,10,2,9,4,2,0,0,3,0,2,215,122,1
1,31,11,2,10,5,3,1,1,8,0,2,303,2062,1
1,18,7,1,9,4,0,0,0,-1,1,2,265,-4588,0
1,-3,2,2,9,4,-2,1,1,2,0,2,211,490,1
1,28,14,2,3,4,3,1,1,7,0,2,177,-1283,1
0,31,0,1,9,4,0,0,1,4,1,2,347,1164,0
0,19,11,2,4,4,2,0,0,-1,0,2,159,-6685,0
0,49,20,2,3,1,11,1,1,20,1,2,-38,7486,1
0,36,5,2,11,4,7,1,1,18,1,2,27,12703,1
1,31,8,2,13,4,-1,0,0,-5,0,1,18,-5652,0
1,38,-5,1,13,4,0,0,0,-7,1,2,49,-1139,0
0,30,11,2,10,4,3,1,1,21,0,2,262,11048,1
1,26,-2,2,14,4,1,1,1,9,1,2,227,6317,1
1,25,-3,1,8,4,0,0,0,-7,1,2,78,-5729,0
0,38,3,1,8,4,4,1,1,10,1,2,225,5166,1
0,56,4,2,8,8,4,0,0,5,1,2,12,4362,0
0,53,3,1,8,8,4,1,1,9,1,2,153,7663,1
1,13,19,2,2,4,4,1,1,7,0,2,238,-1119,1
1,24,7,2,2,4,1,1,0,1,0,2,55,543,1
1,31,0,3,13,2,-1,0,0,-12,1,2,249,-5692,0
1,15,-4,2,13,4,-3,0,1,0,0,2,250,-229,0
1,47,2,1,13,5,1,0,0,-9,0,1,281,-6579,0
0,38,5,2,2,4,3,1,1,4,1,2,129,-1085,1
1,27,7,1,9,4,1,0,0,2,1,2,190,796,0
1,26,2,1,9,7,-1,0,0,-7,0,2,295,-3081,0
1,43,3,1,13,7,3,0,0,-4,1,2,92,-80,0
1,51,8,1,14,7,4,1,0,4,0,2,-34,5883,1
1,17,5,3,13,4,-1,0,0,-5,0,2,237,-6926,0
0,41,-1,2,8,9,3,1,1,2,1,2,71,7217,1
0,26,3,2,14,4,5,1,1,8,1,2,-27,7671,1
0,31,13,2,8,8,6,1,1,11,1,3,-11,4730,1
1,12,9,2,2,4,0,1,1,3,0,2,376,-2318,1
0,35,8,2,3,4,5,1,1,13,1,2,-48,6828,1
1,10,7,2,9,9,-1,0,0,1,0,2,160,4003,0
1,24,13,1,2,5,3,1,0,3,0,2,58,362,1
0,31,7,2,14,1,2,1,1,4,0,2,190,-1406,0
1,35,5,1,3,4,1,0,0,2,0,2,286,-6235,0
1,36,8,2,9,4,3,1,1,9,1,2,140,4344,1
0,42,12,2,11,4,6,1,1,10,0,2,128,801,1
1,24,2,2,13,4,-1,0,0,-6,0,2,-24,-2551,0
0,31,8,3,8,4,3,0,0,0,0,2,158,-4298,0
0,41,5,1,10,1,3,0,0,5,1,2,364,3948,0
1,40,2,1,13,4,0,0,0,-7,0,2,206,-3891,0
1,25,-1,1,12,4,-4,0,0,-1,0,2,203,3559,0
1,53,4,1,13,7,4,1,0,4,1,2,154,6105,0
0,21,8,2,2,4,3,1,1,15,0,2,149,3491,1
0,43,9,2,3,4,6,1,1,15,1,2,-66,9070,1
0,19,3,2,8,4,4,1,1,6,1,2,-8,3390,1
0,35,0,1,9,4,0,0,0,-3,1,2,167,-3222,0
0,31,10,2,3,7,4,1,1,14,0,2,73,9787,1
1,42,7,1,11,4,5,1,1,6,1,2,91,2891,1
1,2,-5,2,13,4,-6,0,0,-11,0,2,283,-5420,0
1,36,-4,1,13,9,-1,0,0,-7,1,2,249,3286,0
1,30,11,3,14,8,5,0,0,-1,1,2,-70,-178,0
1,23,-5,1,9,4,-1,0,0,4,1,2,281,2208,0
0,44,3,1,10,5,1,0,0,7,1,2,576,972,0
1,26,12,3,4,4,3,1,1,3,0,2,240,-1694,1
0,34,12,2,13,4,6,1,1,5,0,2,-77,-111,1
1,24,4,2,13,4,0,1,1,2,0,2,405,-773,1
1,20,4,2,11,4,1,1,1,4,1,2,425,1204,0
0,38,10,2,2,4,5,1,1,8,0,2,3,-627,1
0,38,12,2,14,8,6,1,1,7,0,2,98,4557,1
1,34,9,2,2,7,2,1,1,9,0,2,66,5835,1
1,38,-2,1,14,7,1,0,0,-3,0,2,90,-316,0
1,28,3,1,9,4,0,1,1,3,1,2,284,118,0
0,41,13,1,13,5,4,0,0,-1,0,2,11,544,0
0,55,3,2,13,4,3,0,1,2,1,2,199,1779,0
1,40,6,2,8,8,5,1,0,-3,1,2,-74,5855,1
0,44,8,3,3,4,5,1,1,7,1,2,209,935,1
1,24,-7,1,9,4,-6,0,0,-4,0,2,549,-1974,0
1,11,1,1,9,4,-4,0,0,1,0,2,290,-4256,0
1,25,1,3,13,4,-1,1,0,-4,0,2,332,-6097,0
1,25,9,2,14,2,0,0,0,0,0,2,79,-1201,0
0,47,9,1,1,5,4,1,1,7,0,2,348,1705,0
1,17,3,1,9,4,-5,0,0,-6,0,2,499,-586,0
1,29,1,1,13,4,-1,0,0,-8,1,2,186,-1463,0
1,29,7,3,13,7,3,0,0,-5,0,2,42,-4350,0
0,39,5,2,1,7,2,0,0,-2,0,2,122,-1641,0
0,39,14,2,11,8,9,1,1,11,1,2,-11,1736,1
0,15,11,2,11,4,7,1,1,13,1,2,89,4362,1
0,40,12,2,3,4,6,1,1,16,1,2,162,5299,1
1,19,1,2,9,4,-3,0,0,2,0,2,381,-404,0
1,48,5,1,10,2,3,0,0,3,1,2,318,3275,0
0,42,9,2,8,8,7,1,1,12,1,2,43,6666,1
1,39,-3,3,13,4,2,0,0,-5,1,2,62,-3400,0
1,51,-2,1,13,9,2,0,0,1,1,2,257,5999,0
1,47,3,1,4,5,2,0,0,3,1,2,348,2674,0
0,3,-2,3,9,4,-1,0,1,-4,0,2,-15,-6732,0
0,31,-2,1,10,4,-2,0,0,2,0,1,455,-3012,0
1,37,-1,1,13,7,3,0,0,-4,1,2,103,3193,0
1,43,0,1,8,7,1,0,0,0,1,2,82,5024,0
1,4,2,1,13,4,-4,0,0,-9,0,2,366,-3714,0
0,40,-2,2,8,4,4,1,1,9,1,2,93,4335,1
0,41,5,2,8,4,3,0,0,1,0,2,213,1437,0
1,27,-10,1,13,4,-5,0,0,-16,0,2,180,-3081,0
0,43,6,2,1,8,7,1,1,14,0,2,-11,5970,1
1,44,-7,1,13,7,-2,0,0,-5,0,2,209,937,0
0,40,14,3,11,4,9,1,1,10,1,2,-60,-1645,1
1,45,2,1,8,9,2,0,0,-5,1,2,-61,3807,0
1,39,0,2,7,7,-1,0,0,8,0,1,297,2739,0
1,30,7,3,13,4,2,0,0,-6,0,2,63,-3982,0
0,20,3,2,10,4,1,1,1,10,0,1,293,1129,1
1,28,0,1,13,4,-1,0,0,-3,0,2,237,76,0
1,41,11,1,14,1,4,0,0,-1,1,2,40,899,0
1,25,-1,3,13,4,-2,0,0,-16,0,2,103,-8334,0
0,42,10,3,3,4,6,1,1,8,1,2,79,281,1
0,30,8,3,11,4,5,1,0,4,1,2,6,-4429,1
1,31,3,1,13,4,0,0,0,-1,0,2,366,-1590,0
0,43,8,2,1,2,5,1,1,8,1,1,193,949,0
0,45,4,1,10,5,2,0,0,2,1,1,305,-981,0
1,37,-7,1,13,4,-3,0,0,-4,0,1,226,686,0
1,37,8,1,4,4,5,1,1,5,1,2,295,4702,1
1,28,11,2,8,8,7,1,1,3,1,2,-36,2894,1
1,26,9,2,10,4,-2,1,1,8,0,2,529,4165,1
1,26,3,1,11,4,0,0,0,1,0,2,168,2746,0
0,38,-4,2,14,4,-1,1,1,3,0,1,134,4250,0
0,31,0,2,8,8,3,1,1,2,1,2,5,7071,1
0,46,4,2,13,4,7,1,1,8,1,2,91,4641,1
0,30,5,2,11,7,4,1,1,14,1,2,75,8338,1
1,27,-3,1,13,4,1,0,0,-7,1,2,-22,1676,0
0,36,13,2,11,4,6,1,1,9,0,2,48,-1614,1
1,23,-3,1,6,4,-4,0,0,-2,0,2,360,-5946,0
0,34,6,2,13,4,5,1,1,10,0,2,22,1925,1
1,44,1,3,8,9,4,0,0,2,1,2,125,2089,0
1,26,-2,1,13,7,-1,0,0,-3,1,2,68,-1138,0
0,13,1,2,10,4,-1,1,1,10,0,2,229,4383,1
1,23,5,1,11,9,2,1,1,4,1,2,304,6443,1
1,38,-7,1,13,4,-1,0,0,-3,1,2,312,-1622,0
1,19,3,1,11,7,-2,1,1,7,0,2,307,6324,1
1,27,7,2,11,8,6,1,1,14,1,2,119,10982,1
1,19,-2,1,13,4,-3,0,0,-4,0,2,358,-3491,0
1,2,5,2,2,4,-2,0,0,-8,0,2,232,-4676,0
1,13,-8,1,13,2,-5,0,0,-8,1,1,195,-1173,0
1,24,2,1,13,4,0,0,0,-11,0,2,161,-7560,0
1,42,-3,2,13,3,2,0,1,-1,1,2,-36,6811,0
1,20,3,1,14,7,0,1,0,2,0,2,101,2952,1
1,26,8,3,2,8,3,1,0,-1,0,1,-86,-2113,1
1,-7,-11,1,9,4,-10,0,0,-14,0,1,494,-9252,0
1,40,-1,1,13,7,-2,0,0,-8,1,2,151,1515,0
1,20,-5,1,4,4,-2,0,0,-3,1,1,350,-4323,0
0,49,7,2,8,8,6,1,1,4,1,2,-165,3335,1
1,17,-5,1,13,4,-2,0,0,-6,0,2,68,1013,0
0,29,5,2,4,4,1,1,1,8,0,2,391,2886,1
0,40,7,3,11,7,5,1,1,3,1,2,11,1270,1
1,41,-2,1,8,9,5,0,0,-3,1,2,71,32,0
1,38,12,2,10,9,5,1,1,15,1,2,150,10930,1
1,20,0,2,13,4,-2,0,0,-6,0,2,175,-4396,0
0,57,9,2,11,8,8,1,1,18,1,2,-45,14252,1
0,41,12,2,10,4,5,1,1,11,0,2,338,-355,1
0,28,-6,3,6,4,-1,0,0,-5,1,2,241,-6176,0
1,38,8,1,8,9,6,1,1,6,1,2,62,3679,1
1,31,0,2,14,2,1,1,1,1,0,1,58,600,0
1,5,-11,2,13,4,-4,0,0,-12,0,2,125,-1622,0
1,37,4,1,13,4,-3,0,0,-5,0,1,447,-4519,0
0,56,-5,1,13,7,3,0,0,5,1,1,276,5189,0
1,32,4,1,10,4,0,0,0,-1,0,2,424,-4231,0
0,20,10,2,1,4,3,1,1,3,0,2,134,-2424,1
1,34,-11,1,8,8,-1,0,0,-1,1,2,66,10537,0
0,41,1,1,13,4,2,0,1,4,1,2,232,2612,0
1,27,-1,3,13,3,1,0,0,-5,0,2,-77,-1747,0
1,23,-7,1,8,2,-3,0,0,-8,0,2,99,1245,0
0,31,21,2,1,4,8,1,1,11,1,2,-6,-344,1
1,49,4,1,13,7,4,0,0,1,1,2,139,3928,0
0,55,9,1,3,5,7,1,1,14,1,2,191,7056,1
0,55,14,1,10,5,5,1,1,9,0,2,444,833,0
0,31,10,3,1,9,4,1,1,2,0,2,72,1730,0
1,29,-2,1,13,3,-2,0,0,-10,0,2,-11,-608,0
1,17,-4,1,13,2,-4,0,0,-17,0,2,455,-8421,0
1,42,13,3,10,4,2,1,0,3,0,2,284,-623,0
1,28,3,1,4,4,0,0,1,3,0,2,347,-2999,0
1,23,1,2,4,4,2,1,1,3,1,2,136,318,1
1,25,2,2,1,4,1,1,1,6,0,2,194,4944,1
0,40,12,2,11,8,7,1,1,9,0,2,73,4134,1
1,4,-5,2,12,4,-6,0,0,-9,0,2,427,1154,0
0,47,7,2,1,4,4,1,1,15,0,1,188,3552,1
1,18,-3,1,13,4,-2,0,0,-7,0,2,285,1027,0
1,36,8,2,13,4,5,1,1,8,1,2,223,3565,1
0,58,3,1,13,1,4,1,1,11,1,2,347,3977,1
0,40,2,1,13,4,1,0,0,0,1,2,183,629,0
0,49,4,1,8,1,5,1,1,6,1,2,29,6302,1
1,23,8,3,13,4,3,0,0,-4,1,2,185,-1211,0
0,45,2,2,1,4,4,1,1,18,1,2,265,13568,1
1,43,8,2,13,4,3,1,1,5,0,2,125,5929,1
0,30,12,3,2,1,8,1,1,9,1,2,-49,2118,1
1,29,6,3,13,9,3,1,0,-1,1,2,-6,404,0
1,46,-1,2,13,9,3,0,1,5,1,2,194,8770,0
1,35,-1,1,13,4,1,0,1,3,1,2,99,3381,1
0,48,9,1,1,1,5,0,0,-2,0,2,-5,-2981,0
0,49,13,2,10,4,6,1,1,12,0,1,306,-756,0
1,19,-9,2,13,4,-3,0,1,-3,0,2,332,4916,0
1,20,-5,2,6,4,-3,0,1,2,0,2,284,6021,0
0,52,11,2,1,1,7,1,1,13,1,2,52,5813,1
1,36,-2,1,13,4,0,0,0,-2,0,2,341,-2165,0
1,28,-3,1,8,4,1,1,1,-1,1,2,183,3659,1
0,33,11,3,2,4,6,1,1,6,0,2,18,-2358,1
0,56,10,3,10,5,4,1,1,9,1,1,328,-2320,0
1,46,1,1,8,8,5,1,1,9,1,2,254,2908,0
0,39,21,2,3,8,12,1,1,21,0,2,-208,10839,1
1,25,5,1,6,4,-1,1,0,2,0,2,308,194,0
1,24,2,2,13,3,-2,0,0,-4,0,2,69,1447,0
0,44,12,2,13,8,7,1,1,4,0,2,-69,3794,1
1,16,-6,2,11,4,-2,0,0,-8,0,1,118,-2955,0
0,48,7,3,1,1,4,0,0,1,1,2,217,-5539,0
1,39,4,1,13,4,4,1,0,-5,1,2,189,2050,0
1,45,8,3,13,4,4,0,0,2,0,2,9,-183,0
0,43,2,2,11,8,4,0,1,7,1,2,129,1824,0
1,24,6,1,11,4,0,0,0,1,0,1,354,-712,0
1,31,-6,1,13,9,-1,0,0,-6,1,2,93,6544,0
1,42,9,3,8,8,4,0,0,2,1,2,100,3403,1
1,35,3,3,13,4,5,1,1,1,1,2,-60,273,1
1,39,0,2,13,3,2,1,0,1,1,2,211,1533,0
1,38,1,3,13,9,4,1,0,-1,1,2,-161,3833,0
1,38,4,1,13,7,-1,0,0,-7,0,2,63,-1267,0
0,38,5,1,4,5,2,0,0,0,1,2,307,1285,0
0,35,-1,1,11,8,2,1,1,2,1,2,230,2512,0
1,18,-6,2,13,4,-2,0,1,-1,0,1,186,3106,0
0,52,10,3,1,1,8,1,1,14,1,2,61,5304,1
1,21,-7,2,14,4,-3,0,0,-9,0,1,136,-5358,0
1,35,6,3,13,4,2,0,0,-1,1,2,250,-1477,0
0,41,8,2,13,8,4,1,1,3,0,2,28,3209,1
1,17,-1,2,11,4,-2,1,1,2,0,2,409,4169,0
0,41,2,2,8,1,5,1,1,13,1,1,132,6187,1
1,47,0,1,13,4,2,0,0,-4,0,2,234,449,0
0,37,9,2,11,4,5,1,1,18,1,2,83,6620,1
0,37,1,2,1,4,1,1,1,4,1,2,316,2916,0
1,28,-5,1,10,2,-2,0,0,-3,1,2,509,6445,0
1,5,-1,1,9,9,-6,0,0,-15,0,2,129,-4478,0
0,49,10,2,1,1,7,1,1,15,1,2,124,3520,1
1,46,9,2,13,4,10,1,1,10,1,2,26,5181,1
1,25,-13,1,8,8,-2,0,0,-14,1,1,-43,937,0
1,20,6,3,2,4,0,0,0,-5,0,1,203,-8213,0
1,30,-2,1,13,9,0,0,0,-8,1,2,99,-978,0
0,27,3,3,11,4,4,0,1,6,1,2,303,257,0
1,28,-3,1,4,4,-1,0,0,-3,1,1,326,-1627,0
1,9,-5,1,13,4,-5,0,0,-13,0,2,245,-6431,0
1,28,0,1,2,4,1,0,0,-2,1,2,261,2082,0
0,37,12,2,2,4,6,1,1,13,0,2,187,2569,1
1,0,-16,1,6,4,-9,0,0,-13,0,2,277,2364,0
1,23,7,2,13,7,1,0,0,-3,0,2,43,-1486,0
1,28,-11,1,13,9,-5,0,0,-8,1,2,329,8468,0
0,38,-6,1,5,9,0,0,0,1,1,2,159,3725,0
0,30,13,2,2,4,5,1,1,11,0,2,103,5866,1
1,21,-1,3,13,4,-1,0,0,-8,1,2,82,-3936,0
1,6,-4,1,13,3,-7,0,0,-18,0,2,58,-4745,0
1,19,5,1,4,4,-4,0,0,0,0,2,548,-1694,0
0,29,5,3,11,8,6,1,0,4,1,1,13,-6382,0
1,27,1,2,2,4,2,1,1,2,1,2,85,2290,1
0,60,8,1,1,1,5,1,1,16,1,2,249,10141,1
0,64,6,2,1,1,7,1,1,19,1,2,198,7790,1
0,35,7,2,11,4,7,1,1,12,1,2,163,6137,1
0,42,10,3,1,3,5,1,1,4,0,2,131,-545,0
1,2,-3,1,2,4,-5,0,0,-16,0,1,234,-8916,0
1,19,-5,3,11,7,-2,0,0,-5,1,1,148,-3081,0
1,4,4,1,11,4,1,0,1,-1,0,2,227,-1328,0
1,14,6,3,4,4,-1,0,0,-4,0,2,402,-6560,0
1,31,0,2,13,4,1,1,1,3,0,2,196,5727,1
1,40,10,1,11,1,3,0,0,1,0,1,290,-3019,0
0,21,-3,3,11,3,-1,0,0,-3,0,1,66,-5541,0
1,29,1,2,2,4,1,0,0,2,1,2,179,-3415,0
0,42,11,2,1,8,4,1,1,9,0,2,76,1660,1
1,43,1,1,13,4,3,0,0,3,1,2,235,264,0
1,19,4,3,2,4,1,1,1,2,0,2,101,494,1
1,34,9,1,2,9,2,0,0,-1,0,2,229,-24,0
1,22,7,3,11,4,0,0,0,-2,0,2,173,1691,0
1,49,-5,1,13,9,0,0,0,-2,1,2,188,3294,0
0,37,10,3,1,4,7,1,1,13,1,2,106,4090,1
0,60,10,2,10,1,7,1,1,19,1,2,395,8396,1
1,33,9,2,11,4,6,1,1,13,1,2,275,7681,1
1,44,-4,2,1,8,1,1,1,11,1,2,268,12545,1
1,34,-4,1,13,4,-1,0,1,3,0,1,363,-1034,0
0,51,5,2,4,8,7,1,1,9,1,2,13,3974,1
1,44,8,1,10,4,2,0,0,3,0,2,388,-3788,0
0,41,2,2,13,4,3,1,1,2,0,2,208,2878,0
0,29,6,3,11,7,4,0,0,7,0,1,44,-4087,1
0,41,-1,2,11,4,1,1,1,5,1,2,417,-1859,0
1,32,4,2,13,8,1,1,0,-1,0,2,293,5905,0
1,15,-5,1,6,4,-3,0,0,-2,0,2,188,-749,0
0,41,3,2,8,4,5,1,1,5,1,2,169,-401,0
1,2,-13,1,6,4,-8,0,0,-9,0,2,472,-437,0
1,18,0,1,4,4,-4,0,0,-6,0,2,409,-2411,0
1,33,0,1,1,4,0,0,0,-1,1,2,266,1105,0
1,40,10,2,1,1,1,1,0,2,0,2,203,1939,0
1,28,1,1,13,4,-1,0,0,0,0,2,292,2561,0
1,23,7,2,10,4,-1,0,1,3,0,2,450,1427,0
1,28,-5,1,11,4,0,1,1,5,0,2,436,4060,0
1,24,-1,1,13,4,-2,0,0,-12,0,2,305,-2204,0
0,33,0,3,11,4,4,1,1,8,0,2,178,2719,1
0,34,4,2,10,4,2,1,1,12,0,2,240,626,1
0,46,15,3,14,1,8,1,1,10,1,2,-16,995,1
1,13,-6,1,13,4,-4,0,0,-7,1,2,434,2592,0
0,40,18,3,11,3,9,1,1,6,0,2,-207,-3024,1
1,33,-3,1,13,8,0,0,0,-3,0,1,110,2769,0
1,32,-3,1,13,4,0,0,0,-7,0,2,198,578,0
1,44,4,1,1,3,-1,0,0,-1,0,2,267,1852,0
0,38,10,2,11,8,6,1,1,4,1,2,116,3258,1
1,16,3,2,13,8,1,1,0,-6,1,2,-118,3879,0
0,33,7,2,1,4,5,1,1,10,1,2,26,-326,1
0,40,5,2,11,8,4,1,1,6,1,2,130,6975,1
1,12,-5,1,13,4,-2,0,0,-6,1,2,304,70,0
1,28,-5,1,13,4,0,1,0,-2,1,2,344,6986,1
1,27,5,1,11,4,2,0,0,-1,1,1,240,47,0
0,19,14,3,11,8,8,1,1,9,0,2,29,1559,1
0,53,14,2,8,8,13,1,1,13,1,2,-245,6763,1
1,28,-6,1,13,3,-2,0,0,-10,1,2,103,3748,0
1,34,1,1,13,4,1,0,0,-5,1,2,174,1986,0
1,16,-12,1,13,3,-6,0,0,-14,0,2,167,-1887,0
0,33,5,2,11,4,5,1,1,7,1,2,236,6128,1
1,23,5,1,11,7,0,0,0,0,0,1,293,-1119,0
0,41,2,2,11,4,4,1,1,10,0,2,79,5042,1
0,49,4,2,13,3,5,1,1,6,1,2,134,2526,1
1,30,5,2,13,4,1,0,0,-2,1,2,324,-2577,0
1,18,5,1,10,8,0,1,0,5,0,1,598,-5013,0
0,31,-3,2,1,4,-3,0,0,0,1,1,364,-2458,0
0,46,4,2,13,8,6,1,1,4,0,2,-111,4988,1
0,39,7,2,2,3,4,1,1,9,1,2,72,4475,1
0,63,15,2,11,8,13,1,1,17,1,2,-218,11858,1
0,22,6,2,11,3,3,1,1,3,1,2,-93,2876,1
1,41,-7,1,8,4,0,0,0,0,1,2,190,-1615,0
1,20,-14,1,13,4,-5,0,0,-5,1,2,277,2501,0
1,17,0,1,11,4,-2,0,0,-5,0,2,364,-5163,0
1,23,3,1,11,4,2,1,1,3,0,2,301,366,1
0,70,15,2,2,8,13,1,1,20,1,2,-27,5553,1
1,41,-3,1,7,4,1,0,0,4,1,2,373,5880,0
0,34,1,2,11,8,5,1,1,6,0,1,-3,-2052,1
0,34,7,2,11,4,5,1,1,7,0,2,77,1582,1
1,18,0,3,11,4,0,0,0,-5,0,1,147,-6047,0
1,29,6,1,2,7,-2,0,0,-3,0,2,416,-1497,0
1,36,6,2,13,4,5,1,1,10,0,2,319,5543,1
0,53,7,2,13,8,9,1,1,6,1,2,-156,5377,1
0,59,12,1,13,1,9,1,0,5,0,2,-68,4480,0
1,33,-6,2,13,4,0,1,1,4,0,2,292,4467,1
0,47,5,2,2,8,3,1,1,4,1,3,125,6531,1
1,31,-1,2,8,4,3,0,1,1,1,2,102,1191,1
1,46,8,1,4,1,5,1,0,6,1,2,184,2471,0
0,45,-1,1,5,3,2,1,1,9,0,1,85,3465,0
1,22,2,1,11,4,1,1,1,6,0,2,305,2470,1
0,32,4,3,11,4,5,1,1,4,0,2,80,-2286,0
1,38,3,2,10,4,2,1,1,8,0,2,342,3144,1
0,56,-3,1,13,1,5,1,0,6,1,2,88,3908,0
0,56,7,1,14,1,5,0,0,5,1,2,89,2073,0
0,29,13,2,11,8,7,1,1,8,0,1,-353,4371,1
0,38,10,2,1,3,5,1,1,8,0,2,155,925,1
0,47,6,2,8,1,8,1,1,10,1,2,97,9068,1
1,28,-2,2,8,4,2,1,1,3,0,2,177,90,1
1,45,-4,2,8,3,3,0,1,0,1,2,-86,2306,0
1,27,-1,1,13,8,2,1,0,-4,0,2,190,3170,0
1,21,15,3,2,4,3,0,0,-7,0,2,-135,-6597,0
1,28,10,3,11,4,5,1,1,3,0,2,71,-2161,1
1,25,0,3,1,3,0,0,0,-5,0,2,83,-3726,0
1,45,0,2,11,4,4,0,1,1,1,2,-5,8124,1
0,53,12,3,11,8,9,1,0,5,1,2,-112,4688,1
0,53,11,3,13,8,11,1,1,7,1,2,-36,2077,1
0,48,4,1,5,4,7,1,1,10,1,2,124,-136,1
0,34,7,2,1,4,5,1,1,10,0,2,89,7571,1
0,34,3,3,13,9,2,1,0,1,1,2,-63,1833,0
1,30,-6,1,6,4,0,0,0,-6,0,1,131,-5799,0
1,11,-8,1,1,9,-6,0,0,-14,1,2,125,339,0
0,35,2,2,1,3,2,1,1,3,0,2,-133,1430,1
1,43,2,1,11,1,4,0,0,-1,1,2,301,-716,0
1,22,3,2,11,4,1,1,0,2,1,1,185,-2037,0
1,47,2,1,13,8,5,0,0,-3,1,2,66,1468,0
0,41,3,2,11,3,6,1,1,5,1,2,-178,4174,1
0,26,7,2,1,4,3,1,1,6,0,2,199,1402,1
1,33,-7,1,13,4,-3,0,0,0,1,2,525,5066,0
1,18,-1,1,11,4,-1,1,0,0,1,2,289,2808,1
0,23,4,2,14,4,2,1,1,6,0,2,47,3919,1
1,22,2,2,10,4,0,0,0,0,0,1,361,-1604,0
1,31,5,3,2,1,0,0,0,-3,0,2,279,-1708,0
1,28,1,2,11,4,2,1,1,3,1,2,79,5576,1
0,39,12,2,11,8,10,1,1,11,0,2,22,3114,1
1,31,1,3,8,8,3,0,0,-2,1,2,-82,1298,0
1,29,-4,2,1,4,-1,1,1,2,0,2,353,5298,0
0,57,6,2,11,8,9,1,1,17,1,2,90,9165,1
1,35,4,2,13,8,4,1,1,1,0,2,162,2625,1
0,37,-2,3,1,4,-1,0,0,-2,1,1,415,-6467,0
1,24,-1,1,2,4,-1,0,0,-3,0,1,314,-3614,0
1,33,-2,3,11,4,4,1,1,2,1,2,251,-883,0
0,46,15,2,10,1,9,1,1,18,1,2,240,8246,1
1,42,-1,2,13,4,6,1,1,5,1,2,63,7148,1
1,45,0,1,1,3,-1,0,0,4,1,2,239,7200,0
0,51,19,2,3,4,11,1,1,13,0,2,-10,-888,1
1,28,-4,1,13,3,-3,0,0,-4,0,1,243,-764,0
1,26,-5,2,7,4,-2,0,1,6,0,1,274,4466,1
0,45,7,3,1,1,8,1,1,6,1,2,-16,-1215,0
1,20,0,2,11,4,-1,1,1,3,0,2,448,800,1
0,70,5,1,1,1,8,1,1,13,1,2,140,6218,1
1,22,1,3,6,3,-4,0,0,-9,0,1,337,-8853,0
1,37,9,2,8,8,7,1,1,7,0,2,-104,1469,1
1,34,-1,1,13,7,-2,0,0,-7,0,2,417,-126,0
0,31,-3,2,11,4,6,1,1,9,1,2,166,2054,1
1,51,10,1,1,1,5,1,1,10,1,2,303,6454,1
1,28,-1,3,11,8,1,0,0,-5,0,1,233,-3747,0
1,27,9,2,11,4,2,1,0,2,1,2,145,5239,1
0,49,10,2,11,8,8,1,1,11,1,2,65,7500,1
1,26,11,3,8,8,7,0,0,-5,1,2,-323,544,1
0,44,8,2,1,4,8,1,1,18,1,2,206,9367,1
1,13,0,3,11,4,-2,0,0,-3,0,2,351,-5688,0
1,30,-7,1,1,3,-1,0,0,0,1,2,209,3537,0
1,37,-7,1,13,4,-1,0,0,-2,1,2,516,2711,0
1,21,3,2,11,4,1,0,0,-1,0,2,-6,2518,0
0,40,9,2,2,8,4,1,1,12,1,2,121,5595,1
1,26,4,3,11,3,4,1,0,-4,1,2,-72,-1289,0
1,45,8,1,11,1,4,0,0,2,0,2,88,-2415,0
1,43,8,2,13,3,7,1,1,6,1,2,84,2786,1
0,34,5,1,10,1,1,0,0,3,0,1,239,-355,0
1,39,10,3,13,4,7,1,1,11,0,2,179,1772,1
0,33,15,3,11,1,7,1,1,9,1,2,117,957,1
1,40,3,2,13,3,4,1,0,-2,1,2,-105,3012,0
0,47,-4,2,13,9,2,1,1,3,1,2,74,10450,1
0,42,16,3,11,1,9,1,1,14,0,2,142,217,1
0,50,7,2,11,8,10,1,1,12,1,2,105,5705,1
0,55,-3,1,8,3,4,0,0,0,1,2,171,3198,0
0,12,2,2,11,4,1,0,0,-1,0,1,3,-336,0
0,46,13,3,11,1,5,1,1,10,0,1,94,-731,0
1,27,15,2,11,8,5,1,1,6,0,2,61,2332,1
1,40,1,1,8,8,4,0,0,2,1,2,-17,4016,1
0,44,17,2,1,1,7,1,1,7,0,2,-67,2390,1
1,-8,-12,1,11,3,-12,0,0,-17,0,1,419,-4864,0
0,30,-4,1,1,4,-3,0,0,-1,0,2,467,-5181,0
0,41,8,2,11,8,5,1,1,6,0,2,165,1218,1
1,34,8,2,11,4,7,1,1,15,0,2,339,3731,1
1,22,-2,1,7,7,0,1,0,5,0,1,253,442,0
1,36,1,1,13,4,2,1,1,6,0,2,196,2758,0
0,35,7,3,1,3,4,1,1,6,0,2,42,-2036,1
1,18,6,3,13,8,2,1,0,-6,0,1,79,-7091,0
1,26,8,3,6,4,-1,0,0,2,0,2,478,-6620,0
0,38,17,2,1,1,9,1,1,11,0,1,21,-3638,1
0,27,1,3,11,4,4,1,1,9,1,2,326,2314,1
1,29,6,1,8,8,4,0,0,-3,1,2,-123,5452,1
0,39,4,2,1,8,2,0,0,6,0,2,129,930,0
0,34,10,1,10,1,2,1,0,2,0,2,272,-206,0
1,31,3,2,14,3,2,0,0,0,0,2,93,-1504,0
0,59,15,3,11,8,11,1,1,11,1,1,-206,944,1
0,44,4,1,1,1,3,0,0,4,1,2,381,-3508,0
1,24,4,2,1,4,3,1,1,3,0,2,187,-1428,0
0,36,9,3,11,4,9,1,1,11,1,1,-77,52,1
1,29,5,2,8,3,4,1,1,1,1,2,-35,4724,1
1,6,1,2,11,4,-2,1,1,-1,0,2,346,-1473,0
0,49,4,1,11,7,5,0,0,5,1,2,154,-111,0
0,43,6,3,11,1,5,1,0,6,1,1,161,714,0
1,15,0,3,11,8,1,0,0,-5,1,2,222,-5305,0
1,24,9,3,11,4,5,1,1,9,0,2,287,-7177,0
1,30,-1,2,11,3,1,1,0,2,0,2,33,6028,0
1,38,5,1,13,3,2,1,0,1,0,2,266,1406,0
1,33,8,1,10,4,0,0,0,5,0,2,661,43,0
0,32,4,3,11,8,4,1,0,0,0,2,-21,-3821,1
1,48,0,1,13,3,4,1,0,5,1,2,-13,4183,1
1,28,-6,1,13,4,-2,0,0,-3,0,1,241,2277,0
1,34,1,2,1,8,2,1,1,5,0,2,185,8225,1
1,33,2,2,11,4,3,1,1,8,1,2,339,-67,1
1,36,9,2,11,8,5,1,1,14,0,2,330,3475,1
0,57,6,3,1,1,6,1,1,8,1,2,162,1965,0
1,24,3,2,11,8,4,1,1,5,0,2,16,3963,1
1,49,16,3,4,8,9,1,1,8,1,2,-33,4342,1
1,50,7,3,13,8,3,0,0,-5,0,1,148,-5366,0
1,27,-7,1,1,4,-1,0,0,0,1,1,246,-1657,0
0,36,2,1,11,4,3,1,1,10,0,2,229,1852,1
1,43,2,1,13,4,4,1,1,5,1,2,319,1485,0
0,25,15,2,11,8,8,1,1,11,0,2,22,2779,1
0,46,5,1,11,8,4,1,1,8,1,1,296,1575,1
0,46,15,2,8,3,10,1,1,5,1,2,-488,8414,1
1,37,8,2,13,7,2,1,0,2,0,1,158,944,0
1,33,-5,1,10,4,-2,0,0,-2,1,2,538,-1084,0
1,33,-2,2,11,3,2,0,0,-2,0,1,-51,-696,0
1,40,0,2,8,4,1,1,1,8,0,2,356,7246,1
0,41,5,3,1,1,6,1,1,8,1,2,148,3753,1
0,32,-8,2,5,3,-2,0,0,1,0,1,220,4883,0
1,29,10,2,9,4,6,1,1,9,1,2,139,5631,1
1,34,1,1,1,1,-1,0,0,3,0,2,342,4615,0
0,43,0,1,1,9,0,0,0,2,1,2,306,3704,0
0,38,11,1,2,8,4,1,0,5,0,1,259,3063,0
1,31,-8,1,13,3,-3,0,0,-4,1,2,217,5702,0
0,38,7,3,1,1,5,1,0,5,1,2,355,-1579,0
1,41,-4,1,13,3,2,0,0,-3,1,2,38,4613,0
0,58,4,2,13,4,8,1,1,7,1,2,2,7437,1
1,39,-3,2,11,8,3,1,1,11,1,2,218,6543,1
1,36,-2,1,11,8,1,0,0,-2,0,1,446,-6069,0
1,46,-2,3,13,4,2,0,0,-1,1,2,300,-3048,0
1,13,-4,1,1,4,-1,0,0,-3,0,2,242,808,0
1,34,11,2,11,8,6,1,1,4,0,2,14,1588,1
0,57,-6,1,8,1,4,0,0,2,1,1,188,1002,0
0,45,21,2,1,1,11,1,1,12,1,2,-103,9146,1
1,45,0,1,14,3,-1,0,0,-3,0,2,240,-127,0
0,50,22,2,1,1,10,1,1,13,0,2,101,1263,1
0,22,10,3,11,8,4,1,0,0,0,1,-86,-6673,0
1,29,-7,2,8,3,3,1,0,0,1,1,-233,1826,1
0,43,-1,3,1,1,3,1,1,9,1,1,166,2286,0
1,17,-9,1,4,4,-5,0,0,-5,1,2,406,3240,0
0,49,5,2,11,4,9,1,1,14,1,2,134,4772,1
1,27,0,2,11,4,2,0,0,3,1,3,273,872,0
0,42,3,2,11,4,6,1,1,14,1,2,305,2751,1
0,43,6,2,13,1,6,1,1,3,0,2,77,3719,0
1,34,7,2,1,3,4,1,0,0,0,2,-32,2697,1
1,19,6,1,4,8,2,0,0,1,0,2,164,4426,0
0,46,4,2,11,4,8,1,1,12,1,2,162,1758,1
1,24,-5,1,13,4,0,0,0,-2,1,3,265,1665,0
1,20,-6,1,13,4,-8,0,0,-14,0,2,622,-6414,0
1,65,9,3,13,3,7,1,0,3,1,2,34,2554,0
0,53,2,1,8,3,4,0,0,-1,1,2,-165,3965,0
1,31,-9,1,5,7,-2,0,0,-6,1,2,276,-3563,0
1,36,5,1,10,4,0,0,0,5,1,2,537,5240,0
0,27,13,2,11,4,6,1,1,12,0,1,79,-103,1
0,52,23,3,1,1,13,1,1,12,0,2,21,-1457,1
0,39,11,3,11,1,5,1,0,7,1,2,197,1780,0
1,51,6,2,13,8,5,1,0,3,1,2,175,5495,0
1,38,-8,1,7,8,-2,0,0,0,1,2,483,3117,0
1,18,-13,1,1,3,-8,0,0,-4,1,1,520,-3452,0
1,18,1,2,6,3,0,1,1,1,1,2,181,4255,1
1,18,6,1,10,8,-1,0,0,2,0,2,302,3218,1
0,51,11,3,11,8,9,1,0,11,0,2,151,1173,1
0,34,11,2,11,4,7,1,1,7,0,2,35,384,1
1,16,-6,1,11,4,-3,0,0,0,1,2,406,4407,0
0,43,8,2,8,8,7,1,1,8,0,1,-120,1227,1
1,32,4,2,13,8,4,1,1,2,0,2,-75,6454,1
0,47,19,2,11,1,11,1,1,14,1,2,-47,6123,1
0,66,17,2,1,1,12,1,1,15,1,2,17,3591,1
0,8,6,3,11,4,0,1,0,3,0,1,306,-6655,0
0,64,15,2,1,1,11,1,1,7,1,2,-205,4262,1
1,22,2,1,11,3,0,0,0,-5,1,2,207,1398,0
0,49,-1,1,8,8,4,1,1,10,1,1,156,6233,1
1,36,6,3,8,8,6,1,1,4,1,2,79,2601,1
0,83,17,3,11,1,15,1,1,21,1,2,94,3797,1
1,8,-2,2,6,4,-4,0,0,-1,0,2,284,6178,0
0,37,9,2,1,4,6,1,1,8,0,2,352,1395,1
0,52,18,2,1,1,11,1,1,13,1,2,9,4815,1
0,60,11,2,13,8,11,1,1,12,1,2,-41,4320,1
1,35,10,3,11,8,6,1,1,6,1,2,96,-193,1
0,49,10,3,1,8,10,1,1,8,1,2,-95,4129,1
0,51,1,1,5,7,2,1,0,6,1,2,263,2730,0
0,36,7,3,11,4,4,1,1,6,1,1,366,-4365,0
1,23,-6,2,1,3,0,0,0,-4,0,2,-22,134,0
1,25,-3,1,6,3,-2,0,0,-3,0,1,42,-901,0
0,40,11,3,11,1,6,1,1,12,0,1,294,-2456,0
1,41,5,2,11,8,6,0,0,3,1,2,-9,3920,0
1,41,-2,2,13,3,3,1,1,1,1,2,90,2696,0
1,18,8,1,11,1,0,0,0,0,0,2,274,-2711,0
1,29,3,3,2,4,-1,0,0,2,1,2,557,-1123,0
1,32,0,2,11,4,4,1,1,7,1,2,303,2802,1
1,40,-2,3,8,4,3,0,0,-4,1,2,217,-3144,0
0,42,12,3,11,1,7,1,1,7,0,2,173,-1324,1
0,49,13,3,13,8,8,1,0,1,0,2,-90,3279,1
0,35,15,2,11,1,10,1,1,15,0,2,58,3624,1
1,43,8,2,11,8,7,1,1,10,1,2,78,3860,1
0,69,14,3,1,1,10,1,1,17,0,2,115,2103,1
0,34,-4,2,8,4,4,1,1,8,1,2,182,1920,1
1,39,-13,2,8,4,3,1,1,5,1,2,55,9405,1
1,16,4,3,11,4,-2,0,0,-6,0,1,399,-8383,0
0,35,8,3,11,4,7,1,1,8,1,2,42,-1629,1
0,66,16,2,3,1,11,1,1,13,1,2,59,7813,1
0,57,6,2,1,1,5,1,1,6,1,2,167,3027,0
0,20,6,2,11,4,3,0,1,4,0,3,119,-112,0
1,35,-6,1,11,4,-3,0,0,0,0,1,544,-3547,0
0,61,16,1,14,1,10,1,1,9,1,2,-85,3393,1
1,31,-6,1,11,1,-1,1,0,1,1,2,303,374,0
1,26,6,2,1,4,1,0,0,-1,0,1,106,-1336,0
1,15,-6,1,13,3,-4,0,0,-9,0,3,465,-2357,0
1,18,0,1,11,4,-1,0,0,-4,0,2,483,-749,0
0,41,-6,3,8,3,1,0,1,2,1,2,115,-35,0
1,10,2,3,11,4,1,0,0,-4,0,3,-100,-173,0
0,51,13,3,13,1,9,1,0,0,0,2,-82,132,0
1,63,14,2,11,8,12,1,1,12,1,2,24,8885,1
1,17,2,1,11,4,-2,0,0,-1,0,2,416,-82,0
0,51,5,2,11,8,7,1,1,12,1,2,197,10097,1
0,43,15,2,2,1,9,1,1,11,0,2,19,1288,1
0,54,1,1,8,1,7,1,1,14,1,2,194,11127,1
0,53,12,2,11,3,8,1,1,6,1,2,-224,3643,1
1,42,-8,1,13,3,-3,0,0,-4,0,1,231,-1284,0
1,37,3,2,11,4,4,1,1,6,1,2,195,2961,1
1,33,5,1,10,1,-2,0,0,2,0,2,516,3986,0
0,61,7,3,11,1,12,1,1,12,1,2,149,2053,1
1,45,4,2,11,8,7,1,0,2,1,2,45,1400,1
1,55,7,2,13,8,11,1,1,4,0,2,-112,6101,1
1,-2,3,2,1,4,-4,0,0,-4,0,2,345,-548,0
1,47,8,3,13,8,7,1,0,3,1,2,158,79,0
1,46,-2,1,13,1,2,0,0,0,0,2,245,1978,0
1,27,-4,1,11,8,-3,0,0,-1,0,1,286,-3805,0
0,41,15,2,11,8,10,1,1,13,0,2,13,1000,1
1,33,-7,1,13,3,-1,0,0,-7,0,3,149,210,0
0,36,7,1,1,1,3,0,0,8,0,2,211,-665,0
1,35,8,2,11,8,5,1,1,5,0,2,131,3651,1
0,52,9,1,10,9,4,1,1,10,1,2,245,5038,0
1,42,3,2,11,8,6,1,1,7,1,2,72,5019,1
1,43,-3,2,13,4,2,1,1,5,1,2,373,8645,0
1,36,-6,1,8,4,0,0,0,0,1,2,344,3685,0
1,30,9,3,11,8,6,1,1,5,1,2,44,2185,1
1,43,6,1,13,8,5,1,0,3,0,2,167,-461,0
0,47,17,2,11,8,11,1,1,15,0,2,301,1221,1
0,33,0,2,1,4,0,0,1,6,0,1,451,-183,0
0,32,-1,2,11,8,4,1,1,2,1,2,-12,1792,1
0,34,14,3,11,4,10,1,1,5,0,2,-64,-1083,1
